age,fever,cold,rigor,fatigue,headace,bitter_tongue,vomitting,diarrhea,Convulsion,Anemia,jundice,cocacola_urine,hypoglycemia,prostraction,hyperpyrexia
-0.4152327798079434,-1.636634176769943,0.8635755391767455,-0.7540079036599855,-0.9712858623572643,-1.489546910976623,-0.7914011558455574,-0.2835834628810016,-0.7330166661378316,1.3739907085892975,-0.6713450866373512,0.7330166661378313,0.8750510189207744,0.35740345028744785,-0.48579831205964485,-0.4020623525503798
-0.2807391435808422,0.6110100926607787,0.8635755391767455,1.32624604483051,-0.9712858623572643,0.6713450866373512,1.2635816774004698,-0.2835834628810016,-0.7330166661378316,-0.7278069595002714,-0.6713450866373512,0.7330166661378313,-1.1427905097845936,0.35740345028744785,-0.48579831205964485,-0.4020623525503798
1.4004313092579224,0.6110100926607787,-1.1579762911688176,1.32624604483051,-0.9712858623572643,-1.489546910976623,1.2635816774004698,-0.2835834628810016,-0.7330166661378316,-0.7278069595002714,1.489546910976623,-1.364225461978742,-1.1427905097845936,0.35740345028744785,-0.48579831205964485,-0.4020623525503798
0.2572354013275625,0.6110100926607787,-1.1579762911688176,1.32624604483051,1.0295630140987002,0.6713450866373512,-0.7914011558455574,-0.2835834628810016,-0.7330166661378316,-0.7278069595002714,-0.6713450866373512,0.7330166661378313,-1.1427905097845936,0.35740345028744785,2.0584674239815457,-0.4020623525503798
0.5262226737817648,0.6110100926607787,-1.1579762911688176,-0.7540079036599855,-0.9712858623572643,0.6713450866373512,-0.7914011558455574,-0.2835834628810016,1.3642254619787417,1.3739907085892975,1.489546910976623,-1.364225461978742,0.8750510189207744,0.35740345028744785,2.0584674239815457,2.4871764134511865
-0.07899868924019043,0.6110100926607787,0.8635755391767455,-0.7540079036599855,1.0295630140987002,0.6713450866373512,-0.7914011558455574,-0.2835834628810016,-0.7330166661378316,-0.7278069595002714,-0.6713450866373512,0.7330166661378313,0.8750510189207744,0.35740345028744785,-0.48579831205964485,2.4871764134511865
-0.2134923254672916,0.6110100926607787,0.8635755391767455,-0.7540079036599855,1.0295630140987002,0.6713450866373512,-0.7914011558455574,-0.2835834628810016,-0.7330166661378316,1.3739907085892975,1.489546910976623,-1.364225461978742,-1.1427905097845936,0.35740345028744785,-0.48579831205964485,-0.4020623525503798
-0.2807391435808422,0.6110100926607787,0.8635755391767455,1.32624604483051,-0.9712858623572643,0.6713450866373512,1.2635816774004698,-0.2835834628810016,-0.7330166661378316,-0.7278069595002714,-0.6713450866373512,0.7330166661378313,-1.1427905097845936,0.35740345028744785,-0.48579831205964485,-0.4020623525503798
-0.482479597921494,0.6110100926607787,-1.1579762911688176,1.32624604483051,-0.9712858623572643,-1.489546910976623,-0.7914011558455574,-0.2835834628810016,-0.7330166661378316,-0.7278069595002714,-0.6713450866373512,-1.364225461978742,-1.1427905097845936,0.35740345028744785,2.0584674239815457,-0.4020623525503798
-0.07899868924019043,0.6110100926607787,0.8635755391767455,-0.7540079036599855,-0.9712858623572643,0.6713450866373512,1.2635816774004698,-0.2835834628810016,-0.7330166661378316,1.3739907085892975,1.489546910976623,0.7330166661378313,0.8750510189207744,0.35740345028744785,-0.48579831205964485,2.4871764134511865
1.7366653998256754,0.6110100926607787,-1.1579762911688176,-0.7540079036599855,-0.9712858623572643,0.6713450866373512,-0.7914011558455574,-0.2835834628810016,1.3642254619787417,1.3739907085892975,1.489546910976623,-1.364225461978742,0.8750510189207744,0.35740345028744785,2.0584674239815457,-0.4020623525503798
1.6021717635985742,-1.636634176769943,0.8635755391767455,1.32624604483051,1.0295630140987002,0.6713450866373512,-0.7914011558455574,-0.2835834628810016,1.3642254619787417,1.3739907085892975,1.489546910976623,0.7330166661378313,-1.1427905097845936,0.35740345028744785,-0.48579831205964485,-0.4020623525503798
2.1401463085069787,0.6110100926607787,0.8635755391767455,-0.7540079036599855,1.0295630140987002,0.6713450866373512,-0.7914011558455574,-0.2835834628810016,-0.7330166661378316,-0.7278069595002714,1.489546910976623,-1.364225461978742,-1.1427905097845936,0.35740345028744785,-0.48579831205964485,-0.4020623525503798
-1.3566882333976515,-1.636634176769943,-1.1579762911688176,1.32624604483051,1.0295630140987002,0.6713450866373512,-0.7914011558455574,-0.2835834628810016,-0.7330166661378316,1.3739907085892975,-0.6713450866373512,0.7330166661378313,0.8750510189207744,-2.7979584393931636,-0.48579831205964485,2.4871764134511865
-0.011751871126639843,-1.636634176769943,-1.1579762911688176,-0.7540079036599855,-0.9712858623572643,0.6713450866373512,1.2635816774004698,-0.2835834628810016,-0.7330166661378316,1.3739907085892975,-0.6713450866373512,0.7330166661378313,0.8750510189207744,-2.7979584393931636,-0.48579831205964485,-0.4020623525503798
-0.011751871126639843,0.6110100926607787,0.8635755391767455,-0.7540079036599855,-0.9712858623572643,-1.489546910976623,1.2635816774004698,-0.2835834628810016,-0.7330166661378316,1.3739907085892975,1.489546910976623,-1.364225461978742,0.8750510189207744,0.35740345028744785,-0.48579831205964485,-0.4020623525503798
-0.3479859616943928,0.6110100926607787,-1.1579762911688176,1.32624604483051,-0.9712858623572643,0.6713450866373512,-0.7914011558455574,-0.2835834628810016,1.3642254619787417,-0.7278069595002714,1.489546910976623,0.7330166661378313,0.8750510189207744,0.35740345028744785,-0.48579831205964485,-0.4020623525503798
0.5262226737817648,0.6110100926607787,0.8635755391767455,-0.7540079036599855,-0.9712858623572643,0.6713450866373512,-0.7914011558455574,-0.2835834628810016,-0.7330166661378316,1.3739907085892975,-0.6713450866373512,0.7330166661378313,0.8750510189207744,0.35740345028744785,-0.48579831205964485,-0.4020623525503798
-1.8274159601925057,0.6110100926607787,0.8635755391767455,1.32624604483051,-0.9712858623572643,0.6713450866373512,-0.7914011558455574,-0.2835834628810016,-0.7330166661378316,1.3739907085892975,-0.6713450866373512,0.7330166661378313,0.8750510189207744,0.35740345028744785,-0.48579831205964485,-0.4020623525503798
-0.8859605066027975,-1.636634176769943,-1.1579762911688176,-0.7540079036599855,-0.9712858623572643,0.6713450866373512,-0.7914011558455574,-0.2835834628810016,-0.7330166661378316,-0.7278069595002714,-0.6713450866373512,0.7330166661378313,0.8750510189207744,0.35740345028744785,-0.48579831205964485,-0.4020623525503798
-0.011751871126639843,0.6110100926607787,0.8635755391767455,-0.7540079036599855,1.0295630140987002,-1.489546910976623,1.2635816774004698,-0.2835834628810016,-0.7330166661378316,1.3739907085892975,-0.6713450866373512,-1.364225461978742,-1.1427905097845936,-2.7979584393931636,-0.48579831205964485,-0.4020623525503798
-0.482479597921494,0.6110100926607787,0.8635755391767455,-0.7540079036599855,1.0295630140987002,0.6713450866373512,1.2635816774004698,-0.2835834628810016,-0.7330166661378316,-0.7278069595002714,1.489546910976623,-1.364225461978742,-1.1427905097845936,0.35740345028744785,2.0584674239815457,2.4871764134511865
1.6694185817121248,0.6110100926607787,0.8635755391767455,1.32624604483051,-0.9712858623572643,0.6713450866373512,-0.7914011558455574,-0.2835834628810016,1.3642254619787417,-0.7278069595002714,-0.6713450866373512,0.7330166661378313,0.8750510189207744,0.35740345028744785,-0.48579831205964485,-0.4020623525503798
0.2572354013275625,0.6110100926607787,-1.1579762911688176,-0.7540079036599855,1.0295630140987002,0.6713450866373512,1.2635816774004698,-0.2835834628810016,-0.7330166661378316,1.3739907085892975,-0.6713450866373512,-1.364225461978742,0.8750510189207744,0.35740345028744785,-0.48579831205964485,-0.4020623525503798
3.0143549439831365,-1.636634176769943,0.8635755391767455,-0.7540079036599855,-0.9712858623572643,0.6713450866373512,-0.7914011558455574,3.5262987123463674,-0.7330166661378316,1.3739907085892975,-0.6713450866373512,0.7330166661378313,-1.1427905097845936,0.35740345028744785,-0.48579831205964485,-0.4020623525503798
0.1899885832140119,0.6110100926607787,-1.1579762911688176,-0.7540079036599855,1.0295630140987002,0.6713450866373512,-0.7914011558455574,-0.2835834628810016,-0.7330166661378316,-0.7278069595002714,-0.6713450866373512,0.7330166661378313,-1.1427905097845936,0.35740345028744785,-0.48579831205964485,2.4871764134511865
-0.5497264160350446,0.6110100926607787,0.8635755391767455,-0.7540079036599855,-0.9712858623572643,0.6713450866373512,1.2635816774004698,-0.2835834628810016,-0.7330166661378316,-0.7278069595002714,-0.6713450866373512,0.7330166661378313,0.8750510189207744,0.35740345028744785,-0.48579831205964485,-0.4020623525503798
2.6781208534153835,0.6110100926607787,-1.1579762911688176,-0.7540079036599855,-0.9712858623572643,0.6713450866373512,-0.7914011558455574,-0.2835834628810016,1.3642254619787417,-0.7278069595002714,-0.6713450866373512,-1.364225461978742,-1.1427905097845936,0.35740345028744785,-0.48579831205964485,2.4871764134511865
-1.1549477790569997,0.6110100926607787,0.8635755391767455,-0.7540079036599855,1.0295630140987002,0.6713450866373512,1.2635816774004698,-0.2835834628810016,-0.7330166661378316,1.3739907085892975,-0.6713450866373512,0.7330166661378313,0.8750510189207744,0.35740345028744785,2.0584674239815457,-0.4020623525503798
0.2572354013275625,-1.636634176769943,0.8635755391767455,1.32624604483051,-0.9712858623572643,-1.489546910976623,1.2635816774004698,-0.2835834628810016,-0.7330166661378316,1.3739907085892975,-0.6713450866373512,0.7330166661378313,-1.1427905097845936,0.35740345028744785,-0.48579831205964485,-0.4020623525503798
0.660716310008866,0.6110100926607787,-1.1579762911688176,-0.7540079036599855,1.0295630140987002,0.6713450866373512,-0.7914011558455574,-0.2835834628810016,-0.7330166661378316,-0.7278069595002714,-0.6713450866373512,-1.364225461978742,0.8750510189207744,0.35740345028744785,-0.48579831205964485,-0.4020623525503798
-1.2221945971705503,-1.636634176769943,-1.1579762911688176,1.32624604483051,1.0295630140987002,0.6713450866373512,1.2635816774004698,-0.2835834628810016,1.3642254619787417,-0.7278069595002714,-0.6713450866373512,-1.364225461978742,-1.1427905097845936,0.35740345028744785,-0.48579831205964485,-0.4020623525503798
-0.2134923254672916,0.6110100926607787,0.8635755391767455,-0.7540079036599855,-0.9712858623572643,-1.489546910976623,1.2635816774004698,-0.2835834628810016,-0.7330166661378316,-0.7278069595002714,1.489546910976623,0.7330166661378313,0.8750510189207744,0.35740345028744785,-0.48579831205964485,-0.4020623525503798
0.12274176510046132,0.6110100926607787,0.8635755391767455,-0.7540079036599855,1.0295630140987002,0.6713450866373512,1.2635816774004698,-0.2835834628810016,-0.7330166661378316,-0.7278069595002714,-0.6713450866373512,0.7330166661378313,0.8750510189207744,-2.7979584393931636,-0.48579831205964485,-0.4020623525503798
0.7279631281224166,0.6110100926607787,0.8635755391767455,1.32624604483051,-0.9712858623572643,0.6713450866373512,1.2635816774004698,-0.2835834628810016,-0.7330166661378316,1.3739907085892975,-0.6713450866373512,-1.364225461978742,-1.1427905097845936,0.35740345028744785,-0.48579831205964485,-0.4020623525503798
-0.8859605066027975,0.6110100926607787,0.8635755391767455,-0.7540079036599855,-0.9712858623572643,0.6713450866373512,-0.7914011558455574,-0.2835834628810016,1.3642254619787417,-0.7278069595002714,-0.6713450866373512,0.7330166661378313,0.8750510189207744,0.35740345028744785,-0.48579831205964485,-0.4020623525503798
-1.0877009609434491,0.6110100926607787,-1.1579762911688176,1.32624604483051,1.0295630140987002,0.6713450866373512,1.2635816774004698,3.5262987123463674,-0.7330166661378316,-0.7278069595002714,-0.6713450866373512,0.7330166661378313,0.8750510189207744,0.35740345028744785,-0.48579831205964485,-0.4020623525503798
1.4004313092579224,0.6110100926607787,0.8635755391767455,-0.7540079036599855,1.0295630140987002,0.6713450866373512,1.2635816774004698,-0.2835834628810016,1.3642254619787417,-0.7278069595002714,-0.6713450866373512,-1.364225461978742,-1.1427905097845936,0.35740345028744785,-0.48579831205964485,-0.4020623525503798
1.7366653998256754,0.6110100926607787,-1.1579762911688176,-0.7540079036599855,-0.9712858623572643,0.6713450866373512,1.2635816774004698,-0.2835834628810016,-0.7330166661378316,-0.7278069595002714,-0.6713450866373512,0.7330166661378313,-1.1427905097845936,0.35740345028744785,-0.48579831205964485,-0.4020623525503798
1.6694185817121248,0.6110100926607787,0.8635755391767455,1.32624604483051,-0.9712858623572643,0.6713450866373512,-0.7914011558455574,-0.2835834628810016,1.3642254619787417,-0.7278069595002714,-0.6713450866373512,0.7330166661378313,0.8750510189207744,0.35740345028744785,-0.48579831205964485,-0.4020623525503798
-0.6842200522621457,-1.636634176769943,-1.1579762911688176,-0.7540079036599855,-0.9712858623572643,0.6713450866373512,1.2635816774004698,-0.2835834628810016,-0.7330166661378316,-0.7278069595002714,-0.6713450866373512,0.7330166661378313,0.8750510189207744,-2.7979584393931636,-0.48579831205964485,2.4871764134511865
-0.482479597921494,-1.636634176769943,0.8635755391767455,-0.7540079036599855,1.0295630140987002,0.6713450866373512,1.2635816774004698,-0.2835834628810016,-0.7330166661378316,1.3739907085892975,1.489546910976623,0.7330166661378313,-1.1427905097845936,0.35740345028744785,-0.48579831205964485,-0.4020623525503798
-0.8187136884892469,0.6110100926607787,-1.1579762911688176,-0.7540079036599855,1.0295630140987002,0.6713450866373512,-0.7914011558455574,-0.2835834628810016,-0.7330166661378316,-0.7278069595002714,-0.6713450866373512,-1.364225461978742,0.8750510189207744,0.35740345028744785,-0.48579831205964485,-0.4020623525503798
-0.3479859616943928,0.6110100926607787,-1.1579762911688176,-0.7540079036599855,1.0295630140987002,-1.489546910976623,-0.7914011558455574,-0.2835834628810016,-0.7330166661378316,-0.7278069595002714,1.489546910976623,0.7330166661378313,-1.1427905097845936,0.35740345028744785,2.0584674239815457,-0.4020623525503798
-1.0877009609434491,-1.636634176769943,0.8635755391767455,-0.7540079036599855,1.0295630140987002,0.6713450866373512,1.2635816774004698,3.5262987123463674,-0.7330166661378316,-0.7278069595002714,1.489546910976623,-1.364225461978742,0.8750510189207744,0.35740345028744785,-0.48579831205964485,-0.4020623525503798
-0.482479597921494,0.6110100926607787,0.8635755391767455,1.32624604483051,-0.9712858623572643,0.6713450866373512,1.2635816774004698,-0.2835834628810016,1.3642254619787417,1.3739907085892975,1.489546910976623,-1.364225461978742,0.8750510189207744,0.35740345028744785,-0.48579831205964485,-0.4020623525503798
-0.011751871126639843,-1.636634176769943,0.8635755391767455,1.32624604483051,-0.9712858623572643,0.6713450866373512,-0.7914011558455574,-0.2835834628810016,-0.7330166661378316,-0.7278069595002714,-0.6713450866373512,0.7330166661378313,-1.1427905097845936,0.35740345028744785,-0.48579831205964485,-0.4020623525503798
-0.7514668703756963,-1.636634176769943,-1.1579762911688176,1.32624604483051,1.0295630140987002,-1.489546910976623,-0.7914011558455574,-0.2835834628810016,1.3642254619787417,1.3739907085892975,-0.6713450866373512,-1.364225461978742,0.8750510189207744,0.35740345028744785,2.0584674239815457,-0.4020623525503798
-0.8187136884892469,0.6110100926607787,-1.1579762911688176,1.32624604483051,-0.9712858623572643,0.6713450866373512,1.2635816774004698,-0.2835834628810016,-0.7330166661378316,1.3739907085892975,-0.6713450866373512,-1.364225461978742,0.8750510189207744,0.35740345028744785,-0.48579831205964485,-0.4020623525503798
0.055494946986910744,-1.636634176769943,-1.1579762911688176,1.32624604483051,-0.9712858623572643,0.6713450866373512,-0.7914011558455574,-0.2835834628810016,-0.7330166661378316,-0.7278069595002714,-0.6713450866373512,0.7330166661378313,-1.1427905097845936,0.35740345028744785,-0.48579831205964485,-0.4020623525503798
0.7279631281224166,0.6110100926607787,0.8635755391767455,-0.7540079036599855,1.0295630140987002,-1.489546910976623,1.2635816774004698,-0.2835834628810016,1.3642254619787417,-0.7278069595002714,-0.6713450866373512,0.7330166661378313,0.8750510189207744,0.35740345028744785,-0.48579831205964485,-0.4020623525503798
2.2073931266205293,0.6110100926607787,0.8635755391767455,1.32624604483051,-0.9712858623572643,-1.489546910976623,1.2635816774004698,-0.2835834628810016,1.3642254619787417,-0.7278069595002714,-0.6713450866373512,0.7330166661378313,0.8750510189207744,0.35740345028744785,-0.48579831205964485,2.4871764134511865
-0.4152327798079434,0.6110100926607787,-1.1579762911688176,1.32624604483051,1.0295630140987002,-1.489546910976623,-0.7914011558455574,-0.2835834628810016,1.3642254619787417,1.3739907085892975,1.489546910976623,-1.364225461978742,0.8750510189207744,0.35740345028744785,-0.48579831205964485,2.4871764134511865
-0.3479859616943928,-1.636634176769943,0.8635755391767455,-0.7540079036599855,1.0295630140987002,-1.489546910976623,1.2635816774004698,-0.2835834628810016,1.3642254619787417,1.3739907085892975,-0.6713450866373512,-1.364225461978742,0.8750510189207744,0.35740345028744785,-0.48579831205964485,-0.4020623525503798
0.5262226737817648,-1.636634176769943,0.8635755391767455,-0.7540079036599855,-0.9712858623572643,0.6713450866373512,1.2635816774004698,-0.2835834628810016,1.3642254619787417,-0.7278069595002714,1.489546910976623,0.7330166661378313,0.8750510189207744,0.35740345028744785,-0.48579831205964485,-0.4020623525503798
-0.011751871126639843,-1.636634176769943,0.8635755391767455,1.32624604483051,-0.9712858623572643,0.6713450866373512,-0.7914011558455574,3.5262987123463674,-0.7330166661378316,1.3739907085892975,-0.6713450866373512,-1.364225461978742,0.8750510189207744,0.35740345028744785,2.0584674239815457,2.4871764134511865
-0.9532073247163481,0.6110100926607787,0.8635755391767455,-0.7540079036599855,-0.9712858623572643,0.6713450866373512,1.2635816774004698,-0.2835834628810016,-0.7330166661378316,-0.7278069595002714,-0.6713450866373512,-1.364225461978742,0.8750510189207744,-2.7979584393931636,2.0584674239815457,-0.4020623525503798
0.45897585566821425,0.6110100926607787,0.8635755391767455,1.32624604483051,-0.9712858623572643,0.6713450866373512,-0.7914011558455574,3.5262987123463674,-0.7330166661378316,1.3739907085892975,1.489546910976623,0.7330166661378313,-1.1427905097845936,0.35740345028744785,-0.48579831205964485,-0.4020623525503798
-0.9532073247163481,0.6110100926607787,-1.1579762911688176,1.32624604483051,-0.9712858623572643,0.6713450866373512,-0.7914011558455574,-0.2835834628810016,1.3642254619787417,1.3739907085892975,1.489546910976623,0.7330166661378313,-1.1427905097845936,0.35740345028744785,-0.48579831205964485,-0.4020623525503798
-0.011751871126639843,0.6110100926607787,0.8635755391767455,-0.7540079036599855,-0.9712858623572643,0.6713450866373512,1.2635816774004698,-0.2835834628810016,-0.7330166661378316,-0.7278069595002714,-0.6713450866373512,0.7330166661378313,-1.1427905097845936,0.35740345028744785,2.0584674239815457,-0.4020623525503798
-0.4152327798079434,0.6110100926607787,0.8635755391767455,1.32624604483051,1.0295630140987002,-1.489546910976623,-0.7914011558455574,-0.2835834628810016,-0.7330166661378316,1.3739907085892975,-0.6713450866373512,-1.364225461978742,0.8750510189207744,0.35740345028744785,-0.48579831205964485,-0.4020623525503798
2.1401463085069787,0.6110100926607787,0.8635755391767455,1.32624604483051,1.0295630140987002,-1.489546910976623,1.2635816774004698,-0.2835834628810016,1.3642254619787417,1.3739907085892975,-0.6713450866373512,0.7330166661378313,0.8750510189207744,0.35740345028744785,-0.48579831205964485,-0.4020623525503798
1.6021717635985742,0.6110100926607787,0.8635755391767455,-0.7540079036599855,-0.9712858623572643,0.6713450866373512,1.2635816774004698,-0.2835834628810016,-0.7330166661378316,-0.7278069595002714,-0.6713450866373512,0.7330166661378313,0.8750510189207744,-2.7979584393931636,-0.48579831205964485,2.4871764134511865
-0.011751871126639843,0.6110100926607787,0.8635755391767455,-0.7540079036599855,-0.9712858623572643,0.6713450866373512,-0.7914011558455574,-0.2835834628810016,-0.7330166661378316,-0.7278069595002714,-0.6713450866373512,0.7330166661378313,0.8750510189207744,0.35740345028744785,-0.48579831205964485,-0.4020623525503798
0.5934694918953154,0.6110100926607787,0.8635755391767455,1.32624604483051,1.0295630140987002,-1.489546910976623,-0.7914011558455574,-0.2835834628810016,1.3642254619787417,1.3739907085892975,-0.6713450866373512,-1.364225461978742,-1.1427905097845936,0.35740345028744785,-0.48579831205964485,-0.4020623525503798
-0.9532073247163481,0.6110100926607787,0.8635755391767455,1.32624604483051,1.0295630140987002,-1.489546910976623,-0.7914011558455574,-0.2835834628810016,-0.7330166661378316,-0.7278069595002714,-0.6713450866373512,0.7330166661378313,-1.1427905097845936,0.35740345028744785,2.0584674239815457,-0.4020623525503798
-0.6842200522621457,0.6110100926607787,-1.1579762911688176,1.32624604483051,1.0295630140987002,0.6713450866373512,-0.7914011558455574,-0.2835834628810016,1.3642254619787417,-0.7278069595002714,-0.6713450866373512,0.7330166661378313,-1.1427905097845936,0.35740345028744785,2.0584674239815457,-0.4020623525503798
-1.0877009609434491,0.6110100926607787,-1.1579762911688176,-0.7540079036599855,-0.9712858623572643,0.6713450866373512,1.2635816774004698,-0.2835834628810016,-0.7330166661378316,-0.7278069595002714,-0.6713450866373512,0.7330166661378313,0.8750510189207744,0.35740345028744785,-0.48579831205964485,-0.4020623525503798
-1.4911818696247527,-1.636634176769943,-1.1579762911688176,1.32624604483051,1.0295630140987002,-1.489546910976623,-0.7914011558455574,-0.2835834628810016,-0.7330166661378316,-0.7278069595002714,-0.6713450866373512,-1.364225461978742,-1.1427905097845936,0.35740345028744785,-0.48579831205964485,-0.4020623525503798
-1.0204541428298985,0.6110100926607787,0.8635755391767455,1.32624604483051,-0.9712858623572643,0.6713450866373512,-0.7914011558455574,-0.2835834628810016,-0.7330166661378316,-0.7278069595002714,-0.6713450866373512,0.7330166661378313,-1.1427905097845936,0.35740345028744785,-0.48579831205964485,-0.4020623525503798
0.2572354013275625,0.6110100926607787,-1.1579762911688176,-0.7540079036599855,1.0295630140987002,0.6713450866373512,1.2635816774004698,-0.2835834628810016,-0.7330166661378316,1.3739907085892975,-0.6713450866373512,-1.364225461978742,0.8750510189207744,0.35740345028744785,-0.48579831205964485,-0.4020623525503798
2.6781208534153835,0.6110100926607787,0.8635755391767455,-0.7540079036599855,1.0295630140987002,-1.489546910976623,1.2635816774004698,3.5262987123463674,-0.7330166661378316,1.3739907085892975,-0.6713450866373512,0.7330166661378313,-1.1427905097845936,0.35740345028744785,2.0584674239815457,-0.4020623525503798
0.5262226737817648,-1.636634176769943,-1.1579762911688176,-0.7540079036599855,1.0295630140987002,0.6713450866373512,-0.7914011558455574,-0.2835834628810016,1.3642254619787417,-0.7278069595002714,-0.6713450866373512,-1.364225461978742,0.8750510189207744,0.35740345028744785,-0.48579831205964485,-0.4020623525503798
-1.0877009609434491,0.6110100926607787,-1.1579762911688176,-0.7540079036599855,1.0295630140987002,0.6713450866373512,1.2635816774004698,-0.2835834628810016,1.3642254619787417,-0.7278069595002714,-0.6713450866373512,0.7330166661378313,0.8750510189207744,0.35740345028744785,2.0584674239815457,-0.4020623525503798
2.1401463085069787,-1.636634176769943,-1.1579762911688176,1.32624604483051,-0.9712858623572643,-1.489546910976623,-0.7914011558455574,-0.2835834628810016,1.3642254619787417,1.3739907085892975,-0.6713450866373512,0.7330166661378313,0.8750510189207744,0.35740345028744785,-0.48579831205964485,-0.4020623525503798
-1.0204541428298985,0.6110100926607787,0.8635755391767455,1.32624604483051,1.0295630140987002,0.6713450866373512,-0.7914011558455574,-0.2835834628810016,1.3642254619787417,1.3739907085892975,-0.6713450866373512,0.7330166661378313,0.8750510189207744,0.35740345028744785,-0.48579831205964485,-0.4020623525503798
-0.07899868924019043,0.6110100926607787,0.8635755391767455,-0.7540079036599855,1.0295630140987002,0.6713450866373512,-0.7914011558455574,-0.2835834628810016,-0.7330166661378316,-0.7278069595002714,-0.6713450866373512,0.7330166661378313,-1.1427905097845936,-2.7979584393931636,-0.48579831205964485,-0.4020623525503798
0.5262226737817648,-1.636634176769943,0.8635755391767455,1.32624604483051,-0.9712858623572643,0.6713450866373512,-0.7914011558455574,-0.2835834628810016,-0.7330166661378316,1.3739907085892975,-0.6713450866373512,0.7330166661378313,-1.1427905097845936,0.35740345028744785,-0.48579831205964485,-0.4020623525503798
0.055494946986910744,-1.636634176769943,0.8635755391767455,-0.7540079036599855,-0.9712858623572643,-1.489546910976623,-0.7914011558455574,-0.2835834628810016,1.3642254619787417,1.3739907085892975,-0.6713450866373512,0.7330166661378313,-1.1427905097845936,0.35740345028744785,-0.48579831205964485,-0.4020623525503798
-0.6842200522621457,0.6110100926607787,0.8635755391767455,1.32624604483051,1.0295630140987002,0.6713450866373512,-0.7914011558455574,-0.2835834628810016,-0.7330166661378316,1.3739907085892975,-0.6713450866373512,-1.364225461978742,0.8750510189207744,0.35740345028744785,-0.48579831205964485,-0.4020623525503798
-1.5584286877383033,0.6110100926607787,0.8635755391767455,-0.7540079036599855,1.0295630140987002,-1.489546910976623,-0.7914011558455574,3.5262987123463674,-0.7330166661378316,-0.7278069595002714,1.489546910976623,0.7330166661378313,0.8750510189207744,0.35740345028744785,-0.48579831205964485,-0.4020623525503798
0.12274176510046132,0.6110100926607787,0.8635755391767455,-0.7540079036599855,-0.9712858623572643,0.6713450866373512,-0.7914011558455574,-0.2835834628810016,-0.7330166661378316,-0.7278069595002714,1.489546910976623,0.7330166661378313,-1.1427905097845936,0.35740345028744785,-0.48579831205964485,-0.4020623525503798
0.055494946986910744,0.6110100926607787,0.8635755391767455,-0.7540079036599855,1.0295630140987002,0.6713450866373512,1.2635816774004698,-0.2835834628810016,-0.7330166661378316,-0.7278069595002714,1.489546910976623,0.7330166661378313,-1.1427905097845936,0.35740345028744785,-0.48579831205964485,-0.4020623525503798
-0.482479597921494,0.6110100926607787,0.8635755391767455,-0.7540079036599855,1.0295630140987002,0.6713450866373512,-0.7914011558455574,-0.2835834628810016,-0.7330166661378316,-0.7278069595002714,-0.6713450866373512,0.7330166661378313,-1.1427905097845936,0.35740345028744785,-0.48579831205964485,-0.4020623525503798
-0.011751871126639843,-1.636634176769943,-1.1579762911688176,-0.7540079036599855,1.0295630140987002,0.6713450866373512,-0.7914011558455574,-0.2835834628810016,-0.7330166661378316,-0.7278069595002714,1.489546910976623,0.7330166661378313,0.8750510189207744,0.35740345028744785,2.0584674239815457,-0.4020623525503798
-1.4911818696247527,-1.636634176769943,-1.1579762911688176,1.32624604483051,1.0295630140987002,-1.489546910976623,-0.7914011558455574,-0.2835834628810016,-0.7330166661378316,-0.7278069595002714,-0.6713450866373512,-1.364225461978742,-1.1427905097845936,0.35740345028744785,-0.48579831205964485,-0.4020623525503798
-1.8274159601925057,0.6110100926607787,0.8635755391767455,-0.7540079036599855,1.0295630140987002,-1.489546910976623,-0.7914011558455574,-0.2835834628810016,-0.7330166661378316,-0.7278069595002714,-0.6713450866373512,0.7330166661378313,-1.1427905097845936,0.35740345028744785,-0.48579831205964485,2.4871764134511865
-0.482479597921494,-1.636634176769943,0.8635755391767455,-0.7540079036599855,-0.9712858623572643,-1.489546910976623,-0.7914011558455574,-0.2835834628810016,1.3642254619787417,-0.7278069595002714,-0.6713450866373512,0.7330166661378313,0.8750510189207744,0.35740345028744785,2.0584674239815457,2.4871764134511865
2.6781208534153835,0.6110100926607787,0.8635755391767455,-0.7540079036599855,1.0295630140987002,0.6713450866373512,1.2635816774004698,-0.2835834628810016,-0.7330166661378316,-0.7278069595002714,-0.6713450866373512,-1.364225461978742,-1.1427905097845936,0.35740345028744785,-0.48579831205964485,-0.4020623525503798
1.4004313092579224,0.6110100926607787,0.8635755391767455,-0.7540079036599855,-0.9712858623572643,-1.489546910976623,-0.7914011558455574,-0.2835834628810016,-0.7330166661378316,-0.7278069595002714,-0.6713450866373512,0.7330166661378313,0.8750510189207744,0.35740345028744785,-0.48579831205964485,-0.4020623525503798
0.660716310008866,0.6110100926607787,-1.1579762911688176,-0.7540079036599855,1.0295630140987002,0.6713450866373512,-0.7914011558455574,-0.2835834628810016,-0.7330166661378316,-0.7278069595002714,-0.6713450866373512,-1.364225461978742,0.8750510189207744,0.35740345028744785,-0.48579831205964485,-0.4020623525503798
-0.9532073247163481,0.6110100926607787,0.8635755391767455,-0.7540079036599855,-0.9712858623572643,0.6713450866373512,-0.7914011558455574,-0.2835834628810016,1.3642254619787417,1.3739907085892975,1.489546910976623,0.7330166661378313,0.8750510189207744,0.35740345028744785,-0.48579831205964485,-0.4020623525503798
0.7952099462359672,-1.636634176769943,-1.1579762911688176,-0.7540079036599855,1.0295630140987002,0.6713450866373512,-0.7914011558455574,-0.2835834628810016,1.3642254619787417,-0.7278069595002714,-0.6713450866373512,0.7330166661378313,0.8750510189207744,0.35740345028744785,-0.48579831205964485,-0.4020623525503798
-0.6842200522621457,-1.636634176769943,-1.1579762911688176,-0.7540079036599855,-0.9712858623572643,0.6713450866373512,-0.7914011558455574,-0.2835834628810016,-0.7330166661378316,-0.7278069595002714,1.489546910976623,-1.364225461978742,0.8750510189207744,0.35740345028744785,-0.48579831205964485,-0.4020623525503798
-1.4911818696247527,-1.636634176769943,-1.1579762911688176,1.32624604483051,1.0295630140987002,-1.489546910976623,-0.7914011558455574,-0.2835834628810016,-0.7330166661378316,-0.7278069595002714,-0.6713450866373512,-1.364225461978742,-1.1427905097845936,0.35740345028744785,-0.48579831205964485,-0.4020623525503798
-0.2807391435808422,0.6110100926607787,0.8635755391767455,1.32624604483051,-0.9712858623572643,0.6713450866373512,1.2635816774004698,-0.2835834628810016,-0.7330166661378316,-0.7278069595002714,-0.6713450866373512,0.7330166661378313,-1.1427905097845936,0.35740345028744785,-0.48579831205964485,-0.4020623525503798
-0.2807391435808422,0.6110100926607787,0.8635755391767455,1.32624604483051,1.0295630140987002,0.6713450866373512,-0.7914011558455574,-0.2835834628810016,-0.7330166661378316,-0.7278069595002714,-0.6713450866373512,-1.364225461978742,0.8750510189207744,-2.7979584393931636,2.0584674239815457,-0.4020623525503798
2.1401463085069787,-1.636634176769943,-1.1579762911688176,1.32624604483051,-0.9712858623572643,-1.489546910976623,-0.7914011558455574,-0.2835834628810016,1.3642254619787417,1.3739907085892975,-0.6713450866373512,0.7330166661378313,0.8750510189207744,0.35740345028744785,-0.48579831205964485,-0.4020623525503798
0.660716310008866,0.6110100926607787,0.8635755391767455,-0.7540079036599855,1.0295630140987002,0.6713450866373512,1.2635816774004698,3.5262987123463674,-0.7330166661378316,-0.7278069595002714,-0.6713450866373512,0.7330166661378313,-1.1427905097845936,0.35740345028744785,-0.48579831205964485,-0.4020623525503798
-0.6842200522621457,0.6110100926607787,-1.1579762911688176,1.32624604483051,1.0295630140987002,0.6713450866373512,-0.7914011558455574,-0.2835834628810016,1.3642254619787417,-0.7278069595002714,-0.6713450866373512,0.7330166661378313,-1.1427905097845936,0.35740345028744785,2.0584674239815457,-0.4020623525503798
-0.011751871126639843,-1.636634176769943,0.8635755391767455,1.32624604483051,1.0295630140987002,-1.489546910976623,-0.7914011558455574,-0.2835834628810016,-0.7330166661378316,1.3739907085892975,-0.6713450866373512,-1.364225461978742,0.8750510189207744,0.35740345028744785,-0.48579831205964485,-0.4020623525503798
-0.482479597921494,0.6110100926607787,0.8635755391767455,-0.7540079036599855,-0.9712858623572643,0.6713450866373512,-0.7914011558455574,-0.2835834628810016,1.3642254619787417,-0.7278069595002714,-0.6713450866373512,-1.364225461978742,0.8750510189207744,-2.7979584393931636,2.0584674239815457,-0.4020623525503798
-0.011751871126639843,0.6110100926607787,0.8635755391767455,1.32624604483051,-0.9712858623572643,0.6713450866373512,1.2635816774004698,-0.2835834628810016,1.3642254619787417,-0.7278069595002714,1.489546910976623,0.7330166661378313,-1.1427905097845936,0.35740345028744785,-0.48579831205964485,-0.4020623525503798
-0.6842200522621457,0.6110100926607787,-1.1579762911688176,1.32624604483051,1.0295630140987002,0.6713450866373512,-0.7914011558455574,-0.2835834628810016,1.3642254619787417,-0.7278069595002714,-0.6713450866373512,0.7330166661378313,-1.1427905097845936,0.35740345028744785,2.0584674239815457,-0.4020623525503798
-0.6169732341485952,0.6110100926607787,0.8635755391767455,1.32624604483051,1.0295630140987002,0.6713450866373512,1.2635816774004698,-0.2835834628810016,1.3642254619787417,-0.7278069595002714,-0.6713450866373512,0.7330166661378313,-1.1427905097845936,-2.7979584393931636,-0.48579831205964485,2.4871764134511865
-0.8859605066027975,-1.636634176769943,-1.1579762911688176,1.32624604483051,-0.9712858623572643,-1.489546910976623,1.2635816774004698,-0.2835834628810016,-0.7330166661378316,1.3739907085892975,-0.6713450866373512,0.7330166661378313,0.8750510189207744,0.35740345028744785,2.0584674239815457,2.4871764134511865
-1.4911818696247527,0.6110100926607787,0.8635755391767455,1.32624604483051,-0.9712858623572643,-1.489546910976623,1.2635816774004698,3.5262987123463674,-0.7330166661378316,-0.7278069595002714,1.489546910976623,0.7330166661378313,0.8750510189207744,0.35740345028744785,-0.48579831205964485,2.4871764134511865
0.5262226737817648,0.6110100926607787,0.8635755391767455,-0.7540079036599855,-0.9712858623572643,-1.489546910976623,-0.7914011558455574,-0.2835834628810016,1.3642254619787417,1.3739907085892975,-0.6713450866373512,-1.364225461978742,0.8750510189207744,0.35740345028744785,-0.48579831205964485,2.4871764134511865
-1.0204541428298985,0.6110100926607787,-1.1579762911688176,-0.7540079036599855,1.0295630140987002,-1.489546910976623,-0.7914011558455574,-0.2835834628810016,-0.7330166661378316,-0.7278069595002714,-0.6713450866373512,-1.364225461978742,0.8750510189207744,-2.7979584393931636,-0.48579831205964485,-0.4020623525503798
0.39172903755466365,0.6110100926607787,0.8635755391767455,1.32624604483051,-0.9712858623572643,-1.489546910976623,-0.7914011558455574,3.5262987123463674,1.3642254619787417,-0.7278069595002714,-0.6713450866373512,-1.364225461978742,-1.1427905097845936,0.35740345028744785,-0.48579831205964485,-0.4020623525503798
0.1899885832140119,0.6110100926607787,0.8635755391767455,-0.7540079036599855,-0.9712858623572643,-1.489546910976623,1.2635816774004698,-0.2835834628810016,-0.7330166661378316,-0.7278069595002714,1.489546910976623,0.7330166661378313,-1.1427905097845936,0.35740345028744785,-0.48579831205964485,-0.4020623525503798
0.7279631281224166,0.6110100926607787,0.8635755391767455,-0.7540079036599855,1.0295630140987002,-1.489546910976623,1.2635816774004698,-0.2835834628810016,1.3642254619787417,-0.7278069595002714,-0.6713450866373512,0.7330166661378313,0.8750510189207744,0.35740345028744785,-0.48579831205964485,-0.4020623525503798
1.6021717635985742,-1.636634176769943,0.8635755391767455,1.32624604483051,1.0295630140987002,0.6713450866373512,-0.7914011558455574,-0.2835834628810016,1.3642254619787417,1.3739907085892975,1.489546910976623,0.7330166661378313,-1.1427905097845936,0.35740345028744785,-0.48579831205964485,-0.4020623525503798
-0.2134923254672916,-1.636634176769943,0.8635755391767455,-0.7540079036599855,-0.9712858623572643,-1.489546910976623,-0.7914011558455574,-0.2835834628810016,-0.7330166661378316,-0.7278069595002714,1.489546910976623,0.7330166661378313,0.8750510189207744,0.35740345028744785,-0.48579831205964485,2.4871764134511865
0.2572354013275625,0.6110100926607787,0.8635755391767455,-0.7540079036599855,1.0295630140987002,0.6713450866373512,-0.7914011558455574,3.5262987123463674,-0.7330166661378316,-0.7278069595002714,1.489546910976623,0.7330166661378313,0.8750510189207744,0.35740345028744785,2.0584674239815457,-0.4020623525503798
-0.8187136884892469,0.6110100926607787,-1.1579762911688176,-0.7540079036599855,-0.9712858623572643,-1.489546910976623,-0.7914011558455574,-0.2835834628810016,-0.7330166661378316,-0.7278069595002714,-0.6713450866373512,0.7330166661378313,-1.1427905097845936,0.35740345028744785,2.0584674239815457,-0.4020623525503798
-0.6842200522621457,0.6110100926607787,0.8635755391767455,-0.7540079036599855,-0.9712858623572643,-1.489546910976623,-0.7914011558455574,-0.2835834628810016,-0.7330166661378316,1.3739907085892975,-0.6713450866373512,-1.364225461978742,0.8750510189207744,0.35740345028744785,-0.48579831205964485,-0.4020623525503798
2.610874035301833,0.6110100926607787,-1.1579762911688176,-0.7540079036599855,1.0295630140987002,0.6713450866373512,1.2635816774004698,3.5262987123463674,-0.7330166661378316,-0.7278069595002714,1.489546910976623,-1.364225461978742,0.8750510189207744,0.35740345028744785,-0.48579831205964485,-0.4020623525503798
-0.011751871126639843,0.6110100926607787,0.8635755391767455,-0.7540079036599855,1.0295630140987002,0.6713450866373512,1.2635816774004698,-0.2835834628810016,-0.7330166661378316,1.3739907085892975,-0.6713450866373512,0.7330166661378313,0.8750510189207744,0.35740345028744785,-0.48579831205964485,-0.4020623525503798
-0.011751871126639843,0.6110100926607787,0.8635755391767455,-0.7540079036599855,1.0295630140987002,0.6713450866373512,1.2635816774004698,-0.2835834628810016,-0.7330166661378316,1.3739907085892975,-0.6713450866373512,0.7330166661378313,0.8750510189207744,0.35740345028744785,-0.48579831205964485,-0.4020623525503798
-0.6169732341485952,0.6110100926607787,-1.1579762911688176,-0.7540079036599855,1.0295630140987002,0.6713450866373512,1.2635816774004698,-0.2835834628810016,1.3642254619787417,-0.7278069595002714,-0.6713450866373512,-1.364225461978742,-1.1427905097845936,0.35740345028744785,-0.48579831205964485,-0.4020623525503798
-1.8946627783060563,0.6110100926607787,0.8635755391767455,1.32624604483051,1.0295630140987002,0.6713450866373512,1.2635816774004698,-0.2835834628810016,1.3642254619787417,-0.7278069595002714,-0.6713450866373512,-1.364225461978742,0.8750510189207744,0.35740345028744785,-0.48579831205964485,-0.4020623525503798
-0.07899868924019043,-1.636634176769943,-1.1579762911688176,-0.7540079036599855,1.0295630140987002,0.6713450866373512,-0.7914011558455574,-0.2835834628810016,1.3642254619787417,1.3739907085892975,-0.6713450866373512,0.7330166661378313,-1.1427905097845936,0.35740345028744785,-0.48579831205964485,-0.4020623525503798
-0.8859605066027975,-1.636634176769943,-1.1579762911688176,-0.7540079036599855,-0.9712858623572643,0.6713450866373512,-0.7914011558455574,-0.2835834628810016,-0.7330166661378316,-0.7278069595002714,-0.6713450866373512,0.7330166661378313,0.8750510189207744,0.35740345028744785,-0.48579831205964485,-0.4020623525503798
-0.482479597921494,0.6110100926607787,0.8635755391767455,-0.7540079036599855,1.0295630140987002,0.6713450866373512,-0.7914011558455574,-0.2835834628810016,-0.7330166661378316,-0.7278069595002714,-0.6713450866373512,0.7330166661378313,-1.1427905097845936,0.35740345028744785,-0.48579831205964485,-0.4020623525503798
0.5262226737817648,0.6110100926607787,0.8635755391767455,-0.7540079036599855,1.0295630140987002,0.6713450866373512,-0.7914011558455574,-0.2835834628810016,-0.7330166661378316,1.3739907085892975,1.489546910976623,0.7330166661378313,0.8750510189207744,0.35740345028744785,-0.48579831205964485,-0.4020623525503798
-0.8859605066027975,-1.636634176769943,-1.1579762911688176,-0.7540079036599855,-0.9712858623572643,0.6713450866373512,-0.7914011558455574,-0.2835834628810016,-0.7330166661378316,-0.7278069595002714,-0.6713450866373512,0.7330166661378313,0.8750510189207744,0.35740345028744785,-0.48579831205964485,-0.4020623525503798
0.1899885832140119,0.6110100926607787,0.8635755391767455,-0.7540079036599855,-0.9712858623572643,0.6713450866373512,-0.7914011558455574,-0.2835834628810016,1.3642254619787417,-0.7278069595002714,-0.6713450866373512,-1.364225461978742,-1.1427905097845936,0.35740345028744785,-0.48579831205964485,2.4871764134511865
0.45897585566821425,-1.636634176769943,0.8635755391767455,1.32624604483051,-0.9712858623572643,0.6713450866373512,-0.7914011558455574,-0.2835834628810016,-0.7330166661378316,-0.7278069595002714,1.489546910976623,0.7330166661378313,-1.1427905097845936,0.35740345028744785,-0.48579831205964485,-0.4020623525503798
-0.5497264160350446,0.6110100926607787,0.8635755391767455,-0.7540079036599855,-0.9712858623572643,-1.489546910976623,-0.7914011558455574,-0.2835834628810016,-0.7330166661378316,-0.7278069595002714,1.489546910976623,0.7330166661378313,-1.1427905097845936,0.35740345028744785,2.0584674239815457,-0.4020623525503798
0.2572354013275625,0.6110100926607787,-1.1579762911688176,-0.7540079036599855,1.0295630140987002,0.6713450866373512,1.2635816774004698,-0.2835834628810016,-0.7330166661378316,1.3739907085892975,-0.6713450866373512,-1.364225461978742,-1.1427905097845936,0.35740345028744785,2.0584674239815457,-0.4020623525503798
-0.8187136884892469,0.6110100926607787,-1.1579762911688176,-0.7540079036599855,-0.9712858623572643,0.6713450866373512,-0.7914011558455574,-0.2835834628810016,1.3642254619787417,1.3739907085892975,1.489546910976623,0.7330166661378313,0.8750510189207744,0.35740345028744785,2.0584674239815457,-0.4020623525503798
-0.8859605066027975,0.6110100926607787,0.8635755391767455,-0.7540079036599855,-0.9712858623572643,0.6713450866373512,-0.7914011558455574,-0.2835834628810016,1.3642254619787417,-0.7278069595002714,-0.6713450866373512,0.7330166661378313,0.8750510189207744,0.35740345028744785,-0.48579831205964485,-0.4020623525503798
2.1401463085069787,0.6110100926607787,0.8635755391767455,1.32624604483051,1.0295630140987002,-1.489546910976623,1.2635816774004698,-0.2835834628810016,1.3642254619787417,1.3739907085892975,-0.6713450866373512,0.7330166661378313,0.8750510189207744,0.35740345028744785,-0.48579831205964485,-0.4020623525503798
-1.1549477790569997,-1.636634176769943,-1.1579762911688176,-0.7540079036599855,-0.9712858623572643,0.6713450866373512,1.2635816774004698,-0.2835834628810016,-0.7330166661378316,-0.7278069595002714,-0.6713450866373512,-1.364225461978742,0.8750510189207744,0.35740345028744785,2.0584674239815457,-0.4020623525503798
0.39172903755466365,0.6110100926607787,0.8635755391767455,1.32624604483051,-0.9712858623572643,-1.489546910976623,-0.7914011558455574,-0.2835834628810016,1.3642254619787417,-0.7278069595002714,-0.6713450866373512,0.7330166661378313,0.8750510189207744,-2.7979584393931636,2.0584674239815457,-0.4020623525503798
0.660716310008866,0.6110100926607787,0.8635755391767455,-0.7540079036599855,-0.9712858623572643,-1.489546910976623,1.2635816774004698,-0.2835834628810016,1.3642254619787417,-0.7278069595002714,-0.6713450866373512,-1.364225461978742,0.8750510189207744,-2.7979584393931636,-0.48579831205964485,2.4871764134511865
1.2659376730308214,-1.636634176769943,0.8635755391767455,-0.7540079036599855,-0.9712858623572643,-1.489546910976623,1.2635816774004698,-0.2835834628810016,-0.7330166661378316,-0.7278069595002714,1.489546910976623,-1.364225461978742,-1.1427905097845936,0.35740345028744785,-0.48579831205964485,-0.4020623525503798
0.1899885832140119,0.6110100926607787,0.8635755391767455,-0.7540079036599855,-0.9712858623572643,0.6713450866373512,-0.7914011558455574,-0.2835834628810016,-0.7330166661378316,1.3739907085892975,-0.6713450866373512,0.7330166661378313,0.8750510189207744,0.35740345028744785,2.0584674239815457,-0.4020623525503798
0.660716310008866,0.6110100926607787,-1.1579762911688176,-0.7540079036599855,-0.9712858623572643,0.6713450866373512,1.2635816774004698,-0.2835834628810016,1.3642254619787417,-0.7278069595002714,-0.6713450866373512,0.7330166661378313,0.8750510189207744,0.35740345028744785,-0.48579831205964485,2.4871764134511865
0.7952099462359672,-1.636634176769943,0.8635755391767455,1.32624604483051,1.0295630140987002,-1.489546910976623,1.2635816774004698,-0.2835834628810016,1.3642254619787417,-0.7278069595002714,1.489546910976623,0.7330166661378313,-1.1427905097845936,0.35740345028744785,-0.48579831205964485,-0.4020623525503798
1.6694185817121248,-1.636634176769943,0.8635755391767455,-0.7540079036599855,-0.9712858623572643,-1.489546910976623,-0.7914011558455574,-0.2835834628810016,-0.7330166661378316,-0.7278069595002714,1.489546910976623,0.7330166661378313,0.8750510189207744,0.35740345028744785,-0.48579831205964485,-0.4020623525503798
-1.8946627783060563,0.6110100926607787,0.8635755391767455,-0.7540079036599855,1.0295630140987002,0.6713450866373512,1.2635816774004698,-0.2835834628810016,1.3642254619787417,1.3739907085892975,-0.6713450866373512,0.7330166661378313,0.8750510189207744,0.35740345028744785,-0.48579831205964485,-0.4020623525503798
-0.482479597921494,-1.636634176769943,0.8635755391767455,-0.7540079036599855,-0.9712858623572643,-1.489546910976623,-0.7914011558455574,-0.2835834628810016,-0.7330166661378316,-0.7278069595002714,1.489546910976623,0.7330166661378313,-1.1427905097845936,0.35740345028744785,-0.48579831205964485,-0.4020623525503798
-1.8274159601925057,-1.636634176769943,-1.1579762911688176,-0.7540079036599855,1.0295630140987002,0.6713450866373512,-0.7914011558455574,-0.2835834628810016,1.3642254619787417,-0.7278069595002714,1.489546910976623,-1.364225461978742,-1.1427905097845936,-2.7979584393931636,-0.48579831205964485,-0.4020623525503798
2.1401463085069787,-1.636634176769943,0.8635755391767455,-0.7540079036599855,-0.9712858623572643,0.6713450866373512,-0.7914011558455574,-0.2835834628810016,-0.7330166661378316,-0.7278069595002714,-0.6713450866373512,-1.364225461978742,-1.1427905097845936,0.35740345028744785,-0.48579831205964485,-0.4020623525503798
-0.011751871126639843,0.6110100926607787,0.8635755391767455,1.32624604483051,-0.9712858623572643,0.6713450866373512,1.2635816774004698,-0.2835834628810016,1.3642254619787417,-0.7278069595002714,1.489546910976623,0.7330166661378313,-1.1427905097845936,0.35740345028744785,-0.48579831205964485,-0.4020623525503798
1.4004313092579224,0.6110100926607787,-1.1579762911688176,-0.7540079036599855,-0.9712858623572643,0.6713450866373512,-0.7914011558455574,-0.2835834628810016,-0.7330166661378316,-0.7278069595002714,-0.6713450866373512,0.7330166661378313,0.8750510189207744,0.35740345028744785,2.0584674239815457,-0.4020623525503798
-1.0204541428298985,0.6110100926607787,0.8635755391767455,1.32624604483051,1.0295630140987002,0.6713450866373512,-0.7914011558455574,-0.2835834628810016,1.3642254619787417,1.3739907085892975,-0.6713450866373512,0.7330166661378313,0.8750510189207744,0.35740345028744785,-0.48579831205964485,-0.4020623525503798
-0.3479859616943928,0.6110100926607787,-1.1579762911688176,-0.7540079036599855,1.0295630140987002,0.6713450866373512,-0.7914011558455574,-0.2835834628810016,-0.7330166661378316,-0.7278069595002714,-0.6713450866373512,-1.364225461978742,0.8750510189207744,0.35740345028744785,-0.48579831205964485,-0.4020623525503798
-0.2134923254672916,0.6110100926607787,-1.1579762911688176,-0.7540079036599855,1.0295630140987002,0.6713450866373512,-0.7914011558455574,-0.2835834628810016,-0.7330166661378316,-0.7278069595002714,-0.6713450866373512,-1.364225461978742,-1.1427905097845936,0.35740345028744785,-0.48579831205964485,-0.4020623525503798
-0.3479859616943928,-1.636634176769943,0.8635755391767455,-0.7540079036599855,1.0295630140987002,-1.489546910976623,1.2635816774004698,-0.2835834628810016,1.3642254619787417,1.3739907085892975,-0.6713450866373512,-1.364225461978742,0.8750510189207744,0.35740345028744785,-0.48579831205964485,-0.4020623525503798
-1.7601691420789551,0.6110100926607787,-1.1579762911688176,1.32624604483051,1.0295630140987002,0.6713450866373512,1.2635816774004698,-0.2835834628810016,-0.7330166661378316,1.3739907085892975,-0.6713450866373512,-1.364225461978742,-1.1427905097845936,0.35740345028744785,-0.48579831205964485,-0.4020623525503798
-0.8859605066027975,0.6110100926607787,-1.1579762911688176,1.32624604483051,1.0295630140987002,0.6713450866373512,1.2635816774004698,-0.2835834628810016,-0.7330166661378316,-0.7278069595002714,-0.6713450866373512,-1.364225461978742,0.8750510189207744,0.35740345028744785,-0.48579831205964485,-0.4020623525503798
0.660716310008866,0.6110100926607787,0.8635755391767455,-0.7540079036599855,1.0295630140987002,0.6713450866373512,1.2635816774004698,3.5262987123463674,-0.7330166661378316,-0.7278069595002714,-0.6713450866373512,0.7330166661378313,-1.1427905097845936,0.35740345028744785,-0.48579831205964485,-0.4020623525503798
1.4004313092579224,0.6110100926607787,-1.1579762911688176,1.32624604483051,-0.9712858623572643,-1.489546910976623,1.2635816774004698,-0.2835834628810016,-0.7330166661378316,-0.7278069595002714,1.489546910976623,-1.364225461978742,-1.1427905097845936,0.35740345028744785,-0.48579831205964485,-0.4020623525503798
-0.146245507353741,0.6110100926607787,0.8635755391767455,-0.7540079036599855,1.0295630140987002,0.6713450866373512,-0.7914011558455574,-0.2835834628810016,-0.7330166661378316,-0.7278069595002714,1.489546910976623,-1.364225461978742,0.8750510189207744,0.35740345028744785,2.0584674239815457,-0.4020623525503798
-1.0877009609434491,0.6110100926607787,-1.1579762911688176,-0.7540079036599855,-0.9712858623572643,-1.489546910976623,-0.7914011558455574,3.5262987123463674,-0.7330166661378316,-0.7278069595002714,1.489546910976623,-1.364225461978742,0.8750510189207744,-2.7979584393931636,-0.48579831205964485,-0.4020623525503798
0.660716310008866,0.6110100926607787,-1.1579762911688176,-0.7540079036599855,-0.9712858623572643,0.6713450866373512,1.2635816774004698,-0.2835834628810016,1.3642254619787417,-0.7278069595002714,-0.6713450866373512,0.7330166661378313,0.8750510189207744,0.35740345028744785,-0.48579831205964485,2.4871764134511865
1.4004313092579224,0.6110100926607787,-1.1579762911688176,1.32624604483051,1.0295630140987002,0.6713450866373512,-0.7914011558455574,-0.2835834628810016,-0.7330166661378316,1.3739907085892975,1.489546910976623,0.7330166661378313,-1.1427905097845936,0.35740345028744785,-0.48579831205964485,-0.4020623525503798
-1.8274159601925057,-1.636634176769943,-1.1579762911688176,-0.7540079036599855,1.0295630140987002,0.6713450866373512,-0.7914011558455574,-0.2835834628810016,1.3642254619787417,-0.7278069595002714,1.489546910976623,-1.364225461978742,-1.1427905097845936,-2.7979584393931636,-0.48579831205964485,-0.4020623525503798
-0.4152327798079434,-1.636634176769943,0.8635755391767455,-0.7540079036599855,-0.9712858623572643,-1.489546910976623,-0.7914011558455574,-0.2835834628810016,-0.7330166661378316,1.3739907085892975,-0.6713450866373512,0.7330166661378313,0.8750510189207744,0.35740345028744785,-0.48579831205964485,-0.4020623525503798
-1.7601691420789551,0.6110100926607787,-1.1579762911688176,1.32624604483051,1.0295630140987002,-1.489546910976623,-0.7914011558455574,3.5262987123463674,1.3642254619787417,-0.7278069595002714,1.489546910976623,0.7330166661378313,-1.1427905097845936,-2.7979584393931636,-0.48579831205964485,-0.4020623525503798
-1.0204541428298985,-1.636634176769943,-1.1579762911688176,1.32624604483051,-0.9712858623572643,0.6713450866373512,-0.7914011558455574,-0.2835834628810016,-0.7330166661378316,1.3739907085892975,-0.6713450866373512,0.7330166661378313,-1.1427905097845936,0.35740345028744785,-0.48579831205964485,-0.4020623525503798
0.1899885832140119,0.6110100926607787,0.8635755391767455,-0.7540079036599855,-0.9712858623572643,0.6713450866373512,-0.7914011558455574,-0.2835834628810016,-0.7330166661378316,1.3739907085892975,-0.6713450866373512,0.7330166661378313,0.8750510189207744,0.35740345028744785,2.0584674239815457,-0.4020623525503798
1.4004313092579224,0.6110100926607787,-1.1579762911688176,-0.7540079036599855,1.0295630140987002,-1.489546910976623,-0.7914011558455574,-0.2835834628810016,-0.7330166661378316,1.3739907085892975,-0.6713450866373512,0.7330166661378313,0.8750510189207744,0.35740345028744785,2.0584674239815457,-0.4020623525503798
-0.2807391435808422,-1.636634176769943,-1.1579762911688176,-0.7540079036599855,-0.9712858623572643,-1.489546910976623,1.2635816774004698,3.5262987123463674,-0.7330166661378316,1.3739907085892975,-0.6713450866373512,-1.364225461978742,0.8750510189207744,-2.7979584393931636,-0.48579831205964485,2.4871764134511865
0.7952099462359672,-1.636634176769943,0.8635755391767455,1.32624604483051,1.0295630140987002,-1.489546910976623,1.2635816774004698,-0.2835834628810016,1.3642254619787417,-0.7278069595002714,1.489546910976623,0.7330166661378313,-1.1427905097845936,0.35740345028744785,-0.48579831205964485,-0.4020623525503798
-0.2134923254672916,0.6110100926607787,-1.1579762911688176,1.32624604483051,-0.9712858623572643,-1.489546910976623,-0.7914011558455574,-0.2835834628810016,1.3642254619787417,1.3739907085892975,-0.6713450866373512,0.7330166661378313,-1.1427905097845936,0.35740345028744785,-0.48579831205964485,-0.4020623525503798
0.5262226737817648,0.6110100926607787,-1.1579762911688176,-0.7540079036599855,1.0295630140987002,0.6713450866373512,1.2635816774004698,-0.2835834628810016,-0.7330166661378316,1.3739907085892975,1.489546910976623,-1.364225461978742,0.8750510189207744,0.35740345028744785,-0.48579831205964485,2.4871764134511865
0.5262226737817648,0.6110100926607787,-1.1579762911688176,-0.7540079036599855,-0.9712858623572643,0.6713450866373512,-0.7914011558455574,-0.2835834628810016,1.3642254619787417,1.3739907085892975,1.489546910976623,-1.364225461978742,0.8750510189207744,0.35740345028744785,2.0584674239815457,2.4871764134511865
2.610874035301833,0.6110100926607787,-1.1579762911688176,1.32624604483051,-0.9712858623572643,0.6713450866373512,1.2635816774004698,-0.2835834628810016,-0.7330166661378316,-0.7278069595002714,1.489546910976623,-1.364225461978742,-1.1427905097845936,0.35740345028744785,-0.48579831205964485,-0.4020623525503798
0.2572354013275625,0.6110100926607787,-1.1579762911688176,-0.7540079036599855,-0.9712858623572643,0.6713450866373512,1.2635816774004698,-0.2835834628810016,1.3642254619787417,1.3739907085892975,-0.6713450866373512,0.7330166661378313,0.8750510189207744,0.35740345028744785,-0.48579831205964485,-0.4020623525503798
-0.2807391435808422,-1.636634176769943,0.8635755391767455,-0.7540079036599855,-0.9712858623572643,0.6713450866373512,1.2635816774004698,-0.2835834628810016,1.3642254619787417,-0.7278069595002714,-0.6713450866373512,0.7330166661378313,-1.1427905097845936,0.35740345028744785,-0.48579831205964485,-0.4020623525503798
-0.7514668703756963,0.6110100926607787,0.8635755391767455,-0.7540079036599855,-0.9712858623572643,0.6713450866373512,1.2635816774004698,-0.2835834628810016,1.3642254619787417,-0.7278069595002714,-0.6713450866373512,0.7330166661378313,0.8750510189207744,0.35740345028744785,-0.48579831205964485,-0.4020623525503798
-1.0204541428298985,-1.636634176769943,0.8635755391767455,-0.7540079036599855,-0.9712858623572643,0.6713450866373512,1.2635816774004698,-0.2835834628810016,-0.7330166661378316,1.3739907085892975,1.489546910976623,0.7330166661378313,0.8750510189207744,0.35740345028744785,-0.48579831205964485,2.4871764134511865
0.5934694918953154,0.6110100926607787,-1.1579762911688176,-0.7540079036599855,-0.9712858623572643,0.6713450866373512,-0.7914011558455574,-0.2835834628810016,1.3642254619787417,-0.7278069595002714,1.489546910976623,0.7330166661378313,-1.1427905097845936,0.35740345028744785,-0.48579831205964485,-0.4020623525503798
-0.6842200522621457,0.6110100926607787,0.8635755391767455,-0.7540079036599855,1.0295630140987002,0.6713450866373512,-0.7914011558455574,-0.2835834628810016,-0.7330166661378316,-0.7278069595002714,1.489546910976623,-1.364225461978742,0.8750510189207744,0.35740345028744785,-0.48579831205964485,-0.4020623525503798
0.055494946986910744,0.6110100926607787,-1.1579762911688176,1.32624604483051,-0.9712858623572643,0.6713450866373512,1.2635816774004698,-0.2835834628810016,-0.7330166661378316,1.3739907085892975,1.489546910976623,-1.364225461978742,-1.1427905097845936,0.35740345028744785,2.0584674239815457,-0.4020623525503798
2.1401463085069787,0.6110100926607787,0.8635755391767455,1.32624604483051,-0.9712858623572643,-1.489546910976623,1.2635816774004698,-0.2835834628810016,-0.7330166661378316,-0.7278069595002714,-0.6713450866373512,0.7330166661378313,0.8750510189207744,-2.7979584393931636,-0.48579831205964485,-0.4020623525503798
0.1899885832140119,0.6110100926607787,0.8635755391767455,-0.7540079036599855,1.0295630140987002,-1.489546910976623,-0.7914011558455574,-0.2835834628810016,-0.7330166661378316,-0.7278069595002714,-0.6713450866373512,0.7330166661378313,0.8750510189207744,-2.7979584393931636,-0.48579831205964485,-0.4020623525503798
0.660716310008866,-1.636634176769943,-1.1579762911688176,-0.7540079036599855,-0.9712858623572643,-1.489546910976623,-0.7914011558455574,-0.2835834628810016,-0.7330166661378316,-0.7278069595002714,-0.6713450866373512,0.7330166661378313,0.8750510189207744,0.35740345028744785,-0.48579831205964485,-0.4020623525503798
0.660716310008866,0.6110100926607787,-1.1579762911688176,-0.7540079036599855,-0.9712858623572643,0.6713450866373512,-0.7914011558455574,-0.2835834628810016,-0.7330166661378316,-0.7278069595002714,1.489546910976623,0.7330166661378313,-1.1427905097845936,0.35740345028744785,-0.48579831205964485,-0.4020623525503798
-1.4911818696247527,0.6110100926607787,-1.1579762911688176,-0.7540079036599855,1.0295630140987002,0.6713450866373512,1.2635816774004698,-0.2835834628810016,-0.7330166661378316,1.3739907085892975,-0.6713450866373512,-1.364225461978742,-1.1427905097845936,0.35740345028744785,-0.48579831205964485,-0.4020623525503798
-1.289441415284101,0.6110100926607787,-1.1579762911688176,1.32624604483051,1.0295630140987002,0.6713450866373512,-0.7914011558455574,-0.2835834628810016,-0.7330166661378316,-0.7278069595002714,-0.6713450866373512,0.7330166661378313,-1.1427905097845936,-2.7979584393931636,-0.48579831205964485,-0.4020623525503798
-0.146245507353741,0.6110100926607787,0.8635755391767455,1.32624604483051,1.0295630140987002,0.6713450866373512,1.2635816774004698,3.5262987123463674,-0.7330166661378316,1.3739907085892975,1.489546910976623,-1.364225461978742,0.8750510189207744,0.35740345028744785,-0.48579831205964485,-0.4020623525503798
-0.9532073247163481,-1.636634176769943,-1.1579762911688176,-0.7540079036599855,-0.9712858623572643,0.6713450866373512,-0.7914011558455574,-0.2835834628810016,1.3642254619787417,-0.7278069595002714,-0.6713450866373512,0.7330166661378313,0.8750510189207744,0.35740345028744785,-0.48579831205964485,-0.4020623525503798
-0.07899868924019043,0.6110100926607787,0.8635755391767455,-0.7540079036599855,-0.9712858623572643,0.6713450866373512,-0.7914011558455574,-0.2835834628810016,-0.7330166661378316,-0.7278069595002714,-0.6713450866373512,0.7330166661378313,-1.1427905097845936,0.35740345028744785,-0.48579831205964485,-0.4020623525503798
0.12274176510046132,0.6110100926607787,-1.1579762911688176,1.32624604483051,-0.9712858623572643,-1.489546910976623,1.2635816774004698,-0.2835834628810016,-0.7330166661378316,-0.7278069595002714,1.489546910976623,0.7330166661378313,0.8750510189207744,-2.7979584393931636,2.0584674239815457,-0.4020623525503798
-0.2807391435808422,0.6110100926607787,0.8635755391767455,1.32624604483051,-0.9712858623572643,0.6713450866373512,1.2635816774004698,-0.2835834628810016,-0.7330166661378316,-0.7278069595002714,-0.6713450866373512,0.7330166661378313,-1.1427905097845936,0.35740345028744785,-0.48579831205964485,-0.4020623525503798
0.5262226737817648,-1.636634176769943,0.8635755391767455,1.32624604483051,-0.9712858623572643,0.6713450866373512,-0.7914011558455574,-0.2835834628810016,-0.7330166661378316,1.3739907085892975,-0.6713450866373512,0.7330166661378313,-1.1427905097845936,0.35740345028744785,-0.48579831205964485,-0.4020623525503798
-1.8274159601925057,0.6110100926607787,0.8635755391767455,1.32624604483051,1.0295630140987002,-1.489546910976623,-0.7914011558455574,-0.2835834628810016,-0.7330166661378316,-0.7278069595002714,-0.6713450866373512,-1.364225461978742,-1.1427905097845936,-2.7979584393931636,-0.48579831205964485,-0.4020623525503798
-0.6169732341485952,0.6110100926607787,-1.1579762911688176,-0.7540079036599855,-0.9712858623572643,0.6713450866373512,-0.7914011558455574,-0.2835834628810016,1.3642254619787417,-0.7278069595002714,1.489546910976623,-1.364225461978742,0.8750510189207744,0.35740345028744785,-0.48579831205964485,-0.4020623525503798
-0.2134923254672916,-1.636634176769943,-1.1579762911688176,1.32624604483051,-0.9712858623572643,0.6713450866373512,-0.7914011558455574,-0.2835834628810016,-0.7330166661378316,-0.7278069595002714,-0.6713450866373512,0.7330166661378313,0.8750510189207744,0.35740345028744785,-0.48579831205964485,-0.4020623525503798
0.7952099462359672,-1.636634176769943,0.8635755391767455,-0.7540079036599855,-0.9712858623572643,-1.489546910976623,-0.7914011558455574,3.5262987123463674,-0.7330166661378316,1.3739907085892975,-0.6713450866373512,0.7330166661378313,0.8750510189207744,-2.7979584393931636,2.0584674239815457,2.4871764134511865
0.1899885832140119,0.6110100926607787,0.8635755391767455,1.32624604483051,1.0295630140987002,0.6713450866373512,-0.7914011558455574,-0.2835834628810016,-0.7330166661378316,-0.7278069595002714,-0.6713450866373512,0.7330166661378313,0.8750510189207744,0.35740345028744785,-0.48579831205964485,-0.4020623525503798
0.660716310008866,0.6110100926607787,0.8635755391767455,1.32624604483051,-0.9712858623572643,0.6713450866373512,-0.7914011558455574,-0.2835834628810016,-0.7330166661378316,1.3739907085892975,-0.6713450866373512,0.7330166661378313,0.8750510189207744,0.35740345028744785,-0.48579831205964485,-0.4020623525503798
0.1899885832140119,0.6110100926607787,0.8635755391767455,-0.7540079036599855,1.0295630140987002,-1.489546910976623,1.2635816774004698,-0.2835834628810016,-0.7330166661378316,-0.7278069595002714,1.489546910976623,0.7330166661378313,-1.1427905097845936,0.35740345028744785,-0.48579831205964485,2.4871764134511865
1.8711590360527766,0.6110100926607787,-1.1579762911688176,-0.7540079036599855,1.0295630140987002,0.6713450866373512,-0.7914011558455574,-0.2835834628810016,-0.7330166661378316,-0.7278069595002714,1.489546910976623,-1.364225461978742,0.8750510189207744,0.35740345028744785,-0.48579831205964485,-0.4020623525503798
-1.3566882333976515,0.6110100926607787,-1.1579762911688176,1.32624604483051,-0.9712858623572643,-1.489546910976623,1.2635816774004698,-0.2835834628810016,1.3642254619787417,-0.7278069595002714,-0.6713450866373512,0.7330166661378313,-1.1427905097845936,0.35740345028744785,2.0584674239815457,-0.4020623525503798
0.5262226737817648,0.6110100926607787,-1.1579762911688176,-0.7540079036599855,-0.9712858623572643,0.6713450866373512,-0.7914011558455574,-0.2835834628810016,1.3642254619787417,1.3739907085892975,1.489546910976623,-1.364225461978742,0.8750510189207744,0.35740345028744785,2.0584674239815457,2.4871764134511865
0.660716310008866,0.6110100926607787,0.8635755391767455,-0.7540079036599855,-0.9712858623572643,-1.489546910976623,1.2635816774004698,-0.2835834628810016,1.3642254619787417,-0.7278069595002714,-0.6713450866373512,-1.364225461978742,0.8750510189207744,-2.7979584393931636,-0.48579831205964485,2.4871764134511865
-0.2134923254672916,0.6110100926607787,0.8635755391767455,-0.7540079036599855,-0.9712858623572643,0.6713450866373512,-0.7914011558455574,-0.2835834628810016,-0.7330166661378316,1.3739907085892975,-0.6713450866373512,0.7330166661378313,0.8750510189207744,0.35740345028744785,-0.48579831205964485,-0.4020623525503798
0.5934694918953154,0.6110100926607787,-1.1579762911688176,1.32624604483051,-0.9712858623572643,-1.489546910976623,-0.7914011558455574,-0.2835834628810016,-0.7330166661378316,-0.7278069595002714,-0.6713450866373512,0.7330166661378313,-1.1427905097845936,-2.7979584393931636,-0.48579831205964485,-0.4020623525503798
-0.2134923254672916,-1.636634176769943,-1.1579762911688176,1.32624604483051,-0.9712858623572643,0.6713450866373512,-0.7914011558455574,-0.2835834628810016,-0.7330166661378316,-0.7278069595002714,-0.6713450866373512,0.7330166661378313,0.8750510189207744,0.35740345028744785,-0.48579831205964485,-0.4020623525503798
-0.07899868924019043,0.6110100926607787,0.8635755391767455,1.32624604483051,-0.9712858623572643,0.6713450866373512,-0.7914011558455574,-0.2835834628810016,1.3642254619787417,1.3739907085892975,-0.6713450866373512,0.7330166661378313,-1.1427905097845936,0.35740345028744785,-0.48579831205964485,2.4871764134511865
0.660716310008866,0.6110100926607787,-1.1579762911688176,-0.7540079036599855,1.0295630140987002,0.6713450866373512,-0.7914011558455574,-0.2835834628810016,-0.7330166661378316,-0.7278069595002714,-0.6713450866373512,-1.364225461978742,0.8750510189207744,0.35740345028744785,-0.48579831205964485,-0.4020623525503798
-1.0204541428298985,-1.636634176769943,0.8635755391767455,-0.7540079036599855,-0.9712858623572643,0.6713450866373512,1.2635816774004698,-0.2835834628810016,-0.7330166661378316,1.3739907085892975,1.489546910976623,0.7330166661378313,0.8750510189207744,0.35740345028744785,-0.48579831205964485,2.4871764134511865
-1.5584286877383033,0.6110100926607787,0.8635755391767455,-0.7540079036599855,1.0295630140987002,-1.489546910976623,-0.7914011558455574,3.5262987123463674,-0.7330166661378316,-0.7278069595002714,1.489546910976623,0.7330166661378313,0.8750510189207744,0.35740345028744785,-0.48579831205964485,-0.4020623525503798
-0.146245507353741,0.6110100926607787,-1.1579762911688176,1.32624604483051,1.0295630140987002,0.6713450866373512,1.2635816774004698,-0.2835834628810016,-0.7330166661378316,-0.7278069595002714,-0.6713450866373512,-1.364225461978742,0.8750510189207744,0.35740345028744785,-0.48579831205964485,-0.4020623525503798
0.45897585566821425,0.6110100926607787,0.8635755391767455,-0.7540079036599855,-0.9712858623572643,-1.489546910976623,-0.7914011558455574,-0.2835834628810016,-0.7330166661378316,-0.7278069595002714,-0.6713450866373512,0.7330166661378313,0.8750510189207744,0.35740345028744785,2.0584674239815457,2.4871764134511865
0.1899885832140119,0.6110100926607787,0.8635755391767455,-0.7540079036599855,-0.9712858623572643,-1.489546910976623,1.2635816774004698,-0.2835834628810016,-0.7330166661378316,-0.7278069595002714,1.489546910976623,0.7330166661378313,-1.1427905097845936,0.35740345028744785,-0.48579831205964485,-0.4020623525503798
-1.0204541428298985,-1.636634176769943,-1.1579762911688176,-0.7540079036599855,1.0295630140987002,-1.489546910976623,1.2635816774004698,-0.2835834628810016,-0.7330166661378316,1.3739907085892975,1.489546910976623,0.7330166661378313,0.8750510189207744,0.35740345028744785,-0.48579831205964485,-0.4020623525503798
0.1899885832140119,0.6110100926607787,0.8635755391767455,-0.7540079036599855,-0.9712858623572643,0.6713450866373512,-0.7914011558455574,-0.2835834628810016,1.3642254619787417,-0.7278069595002714,-0.6713450866373512,-1.364225461978742,-1.1427905097845936,0.35740345028744785,-0.48579831205964485,2.4871764134511865
0.7952099462359672,0.6110100926607787,0.8635755391767455,-0.7540079036599855,-0.9712858623572643,-1.489546910976623,-0.7914011558455574,-0.2835834628810016,-0.7330166661378316,-0.7278069595002714,1.489546910976623,-1.364225461978742,-1.1427905097845936,0.35740345028744785,2.0584674239815457,-0.4020623525503798
0.1899885832140119,0.6110100926607787,0.8635755391767455,-0.7540079036599855,-0.9712858623572643,0.6713450866373512,-0.7914011558455574,-0.2835834628810016,-0.7330166661378316,1.3739907085892975,-0.6713450866373512,0.7330166661378313,0.8750510189207744,0.35740345028744785,2.0584674239815457,-0.4020623525503798
0.055494946986910744,-1.636634176769943,-1.1579762911688176,1.32624604483051,-0.9712858623572643,0.6713450866373512,-0.7914011558455574,-0.2835834628810016,-0.7330166661378316,-0.7278069595002714,-0.6713450866373512,0.7330166661378313,-1.1427905097845936,0.35740345028744785,-0.48579831205964485,-0.4020623525503798
0.2572354013275625,0.6110100926607787,-1.1579762911688176,-0.7540079036599855,-0.9712858623572643,0.6713450866373512,-0.7914011558455574,-0.2835834628810016,-0.7330166661378316,-0.7278069595002714,-0.6713450866373512,0.7330166661378313,0.8750510189207744,0.35740345028744785,-0.48579831205964485,-0.4020623525503798
-0.2134923254672916,0.6110100926607787,-1.1579762911688176,-0.7540079036599855,1.0295630140987002,-1.489546910976623,-0.7914011558455574,-0.2835834628810016,-0.7330166661378316,-0.7278069595002714,-0.6713450866373512,0.7330166661378313,-1.1427905097845936,0.35740345028744785,-0.48579831205964485,-0.4020623525503798
-0.6842200522621457,0.6110100926607787,0.8635755391767455,-0.7540079036599855,1.0295630140987002,0.6713450866373512,-0.7914011558455574,-0.2835834628810016,-0.7330166661378316,-0.7278069595002714,1.489546910976623,-1.364225461978742,0.8750510189207744,0.35740345028744785,-0.48579831205964485,-0.4020623525503798
-0.4152327798079434,0.6110100926607787,-1.1579762911688176,-0.7540079036599855,1.0295630140987002,-1.489546910976623,-0.7914011558455574,-0.2835834628810016,-0.7330166661378316,-0.7278069595002714,-0.6713450866373512,0.7330166661378313,0.8750510189207744,0.35740345028744785,-0.48579831205964485,-0.4020623525503798
-0.07899868924019043,-1.636634176769943,0.8635755391767455,-0.7540079036599855,1.0295630140987002,0.6713450866373512,-0.7914011558455574,-0.2835834628810016,-0.7330166661378316,-0.7278069595002714,1.489546910976623,0.7330166661378313,0.8750510189207744,0.35740345028744785,2.0584674239815457,-0.4020623525503798
0.45897585566821425,-1.636634176769943,0.8635755391767455,1.32624604483051,-0.9712858623572643,0.6713450866373512,-0.7914011558455574,-0.2835834628810016,-0.7330166661378316,-0.7278069595002714,1.489546910976623,0.7330166661378313,-1.1427905097845936,0.35740345028744785,-0.48579831205964485,-0.4020623525503798
-0.8187136884892469,0.6110100926607787,0.8635755391767455,-0.7540079036599855,1.0295630140987002,-1.489546910976623,-0.7914011558455574,-0.2835834628810016,-0.7330166661378316,-0.7278069595002714,-0.6713450866373512,0.7330166661378313,0.8750510189207744,0.35740345028744785,-0.48579831205964485,-0.4020623525503798
0.055494946986910744,-1.636634176769943,-1.1579762911688176,1.32624604483051,-0.9712858623572643,0.6713450866373512,-0.7914011558455574,-0.2835834628810016,-0.7330166661378316,-0.7278069595002714,-0.6713450866373512,0.7330166661378313,-1.1427905097845936,0.35740345028744785,-0.48579831205964485,-0.4020623525503798
-0.8859605066027975,-1.636634176769943,-1.1579762911688176,-0.7540079036599855,1.0295630140987002,-1.489546910976623,-0.7914011558455574,-0.2835834628810016,-0.7330166661378316,-0.7278069595002714,-0.6713450866373512,-1.364225461978742,0.8750510189207744,-2.7979584393931636,-0.48579831205964485,-0.4020623525503798
-0.011751871126639843,-1.636634176769943,-1.1579762911688176,-0.7540079036599855,1.0295630140987002,0.6713450866373512,-0.7914011558455574,-0.2835834628810016,-0.7330166661378316,-0.7278069595002714,-0.6713450866373512,0.7330166661378313,-1.1427905097845936,-2.7979584393931636,-0.48579831205964485,-0.4020623525503798
0.2572354013275625,0.6110100926607787,-1.1579762911688176,-0.7540079036599855,1.0295630140987002,0.6713450866373512,1.2635816774004698,-0.2835834628810016,-0.7330166661378316,1.3739907085892975,-0.6713450866373512,-1.364225461978742,0.8750510189207744,0.35740345028744785,-0.48579831205964485,-0.4020623525503798
-0.011751871126639843,0.6110100926607787,0.8635755391767455,-0.7540079036599855,-0.9712858623572643,0.6713450866373512,-0.7914011558455574,-0.2835834628810016,-0.7330166661378316,-0.7278069595002714,-0.6713450866373512,0.7330166661378313,0.8750510189207744,0.35740345028744785,-0.48579831205964485,-0.4020623525503798
-0.8187136884892469,-1.636634176769943,0.8635755391767455,1.32624604483051,1.0295630140987002,-1.489546910976623,1.2635816774004698,-0.2835834628810016,1.3642254619787417,-0.7278069595002714,-0.6713450866373512,0.7330166661378313,0.8750510189207744,0.35740345028744785,-0.48579831205964485,-0.4020623525503798
1.6021717635985742,0.6110100926607787,0.8635755391767455,1.32624604483051,1.0295630140987002,0.6713450866373512,1.2635816774004698,-0.2835834628810016,-0.7330166661378316,1.3739907085892975,-0.6713450866373512,0.7330166661378313,-1.1427905097845936,0.35740345028744785,-0.48579831205964485,2.4871764134511865
-1.4239350515112021,0.6110100926607787,-1.1579762911688176,-0.7540079036599855,-0.9712858623572643,0.6713450866373512,-0.7914011558455574,-0.2835834628810016,-0.7330166661378316,-0.7278069595002714,-0.6713450866373512,-1.364225461978742,0.8750510189207744,0.35740345028744785,-0.48579831205964485,-0.4020623525503798
0.660716310008866,0.6110100926607787,-1.1579762911688176,-0.7540079036599855,1.0295630140987002,0.6713450866373512,-0.7914011558455574,-0.2835834628810016,-0.7330166661378316,-0.7278069595002714,-0.6713450866373512,-1.364225461978742,0.8750510189207744,0.35740345028744785,-0.48579831205964485,-0.4020623525503798
2.1401463085069787,0.6110100926607787,0.8635755391767455,-0.7540079036599855,1.0295630140987002,0.6713450866373512,-0.7914011558455574,-0.2835834628810016,-0.7330166661378316,-0.7278069595002714,1.489546910976623,-1.364225461978742,-1.1427905097845936,0.35740345028744785,-0.48579831205964485,-0.4020623525503798
-0.011751871126639843,0.6110100926607787,0.8635755391767455,-0.7540079036599855,-0.9712858623572643,0.6713450866373512,1.2635816774004698,-0.2835834628810016,-0.7330166661378316,-0.7278069595002714,-0.6713450866373512,0.7330166661378313,-1.1427905097845936,0.35740345028744785,-0.48579831205964485,-0.4020623525503798
-0.011751871126639843,0.6110100926607787,0.8635755391767455,-0.7540079036599855,-0.9712858623572643,0.6713450866373512,-0.7914011558455574,-0.2835834628810016,-0.7330166661378316,1.3739907085892975,-0.6713450866373512,0.7330166661378313,0.8750510189207744,0.35740345028744785,-0.48579831205964485,-0.4020623525503798
0.5262226737817648,0.6110100926607787,-1.1579762911688176,-0.7540079036599855,-0.9712858623572643,0.6713450866373512,-0.7914011558455574,-0.2835834628810016,1.3642254619787417,1.3739907085892975,1.489546910976623,-1.364225461978742,0.8750510189207744,0.35740345028744785,2.0584674239815457,2.4871764134511865
0.39172903755466365,0.6110100926607787,0.8635755391767455,-0.7540079036599855,-0.9712858623572643,-1.489546910976623,-0.7914011558455574,-0.2835834628810016,-0.7330166661378316,-0.7278069595002714,-0.6713450866373512,0.7330166661378313,-1.1427905097845936,0.35740345028744785,-0.48579831205964485,-0.4020623525503798
0.45897585566821425,0.6110100926607787,0.8635755391767455,1.32624604483051,-0.9712858623572643,0.6713450866373512,-0.7914011558455574,-0.2835834628810016,-0.7330166661378316,-0.7278069595002714,-0.6713450866373512,-1.364225461978742,-1.1427905097845936,0.35740345028744785,-0.48579831205964485,-0.4020623525503798
1.467678127371473,0.6110100926607787,0.8635755391767455,1.32624604483051,1.0295630140987002,0.6713450866373512,1.2635816774004698,-0.2835834628810016,1.3642254619787417,1.3739907085892975,-0.6713450866373512,-1.364225461978742,0.8750510189207744,0.35740345028744785,-0.48579831205964485,-0.4020623525503798
1.4004313092579224,0.6110100926607787,0.8635755391767455,1.32624604483051,1.0295630140987002,-1.489546910976623,-0.7914011558455574,-0.2835834628810016,-0.7330166661378316,-0.7278069595002714,-0.6713450866373512,0.7330166661378313,0.8750510189207744,0.35740345028744785,-0.48579831205964485,-0.4020623525503798
-0.7514668703756963,0.6110100926607787,0.8635755391767455,-0.7540079036599855,1.0295630140987002,-1.489546910976623,-0.7914011558455574,-0.2835834628810016,1.3642254619787417,-0.7278069595002714,-0.6713450866373512,0.7330166661378313,0.8750510189207744,0.35740345028744785,2.0584674239815457,-0.4020623525503798
0.660716310008866,0.6110100926607787,0.8635755391767455,-0.7540079036599855,-0.9712858623572643,-1.489546910976623,1.2635816774004698,-0.2835834628810016,1.3642254619787417,-0.7278069595002714,-0.6713450866373512,-1.364225461978742,0.8750510189207744,-2.7979584393931636,-0.48579831205964485,2.4871764134511865
1.4004313092579224,0.6110100926607787,0.8635755391767455,-0.7540079036599855,1.0295630140987002,0.6713450866373512,-0.7914011558455574,-0.2835834628810016,-0.7330166661378316,-0.7278069595002714,-0.6713450866373512,0.7330166661378313,-1.1427905097845936,-2.7979584393931636,2.0584674239815457,-0.4020623525503798
-0.011751871126639843,0.6110100926607787,-1.1579762911688176,-0.7540079036599855,1.0295630140987002,-1.489546910976623,-0.7914011558455574,-0.2835834628810016,1.3642254619787417,1.3739907085892975,-0.6713450866373512,-1.364225461978742,0.8750510189207744,0.35740345028744785,-0.48579831205964485,2.4871764134511865
-0.011751871126639843,0.6110100926607787,0.8635755391767455,1.32624604483051,-0.9712858623572643,0.6713450866373512,-0.7914011558455574,-0.2835834628810016,-0.7330166661378316,-0.7278069595002714,-0.6713450866373512,0.7330166661378313,0.8750510189207744,0.35740345028744785,2.0584674239815457,-0.4020623525503798
0.660716310008866,0.6110100926607787,0.8635755391767455,-0.7540079036599855,-0.9712858623572643,0.6713450866373512,-0.7914011558455574,-0.2835834628810016,-0.7330166661378316,1.3739907085892975,-0.6713450866373512,0.7330166661378313,-1.1427905097845936,0.35740345028744785,-0.48579831205964485,-0.4020623525503798
0.7952099462359672,-1.636634176769943,0.8635755391767455,1.32624604483051,1.0295630140987002,-1.489546910976623,1.2635816774004698,-0.2835834628810016,1.3642254619787417,-0.7278069595002714,1.489546910976623,0.7330166661378313,-1.1427905097845936,0.35740345028744785,-0.48579831205964485,-0.4020623525503798
-1.0877009609434491,0.6110100926607787,-1.1579762911688176,1.32624604483051,1.0295630140987002,0.6713450866373512,1.2635816774004698,3.5262987123463674,-0.7330166661378316,-0.7278069595002714,-0.6713450866373512,0.7330166661378313,0.8750510189207744,0.35740345028744785,-0.48579831205964485,-0.4020623525503798
-0.4152327798079434,-1.636634176769943,0.8635755391767455,-0.7540079036599855,-0.9712858623572643,-1.489546910976623,-0.7914011558455574,-0.2835834628810016,-0.7330166661378316,1.3739907085892975,-0.6713450866373512,0.7330166661378313,0.8750510189207744,0.35740345028744785,-0.48579831205964485,-0.4020623525503798
-0.2807391435808422,-1.636634176769943,0.8635755391767455,-0.7540079036599855,-0.9712858623572643,0.6713450866373512,-0.7914011558455574,-0.2835834628810016,-0.7330166661378316,-0.7278069595002714,-0.6713450866373512,0.7330166661378313,-1.1427905097845936,0.35740345028744785,-0.48579831205964485,-0.4020623525503798
0.7279631281224166,0.6110100926607787,0.8635755391767455,-0.7540079036599855,1.0295630140987002,-1.489546910976623,1.2635816774004698,-0.2835834628810016,-0.7330166661378316,-0.7278069595002714,1.489546910976623,-1.364225461978742,0.8750510189207744,0.35740345028744785,-0.48579831205964485,-0.4020623525503798
2.1401463085069787,0.6110100926607787,0.8635755391767455,1.32624604483051,1.0295630140987002,-1.489546910976623,1.2635816774004698,-0.2835834628810016,1.3642254619787417,1.3739907085892975,-0.6713450866373512,0.7330166661378313,0.8750510189207744,0.35740345028744785,-0.48579831205964485,-0.4020623525503798
-0.3479859616943928,0.6110100926607787,-1.1579762911688176,-0.7540079036599855,1.0295630140987002,0.6713450866373512,-0.7914011558455574,-0.2835834628810016,-0.7330166661378316,-0.7278069595002714,-0.6713450866373512,-1.364225461978742,0.8750510189207744,0.35740345028744785,-0.48579831205964485,-0.4020623525503798
-0.9532073247163481,0.6110100926607787,-1.1579762911688176,-0.7540079036599855,1.0295630140987002,0.6713450866373512,1.2635816774004698,-0.2835834628810016,1.3642254619787417,1.3739907085892975,1.489546910976623,-1.364225461978742,0.8750510189207744,0.35740345028744785,-0.48579831205964485,-0.4020623525503798
1.6021717635985742,0.6110100926607787,0.8635755391767455,-0.7540079036599855,-0.9712858623572643,0.6713450866373512,1.2635816774004698,-0.2835834628810016,1.3642254619787417,1.3739907085892975,-0.6713450866373512,0.7330166661378313,-1.1427905097845936,-2.7979584393931636,-0.48579831205964485,-0.4020623525503798
-0.6842200522621457,0.6110100926607787,0.8635755391767455,1.32624604483051,1.0295630140987002,0.6713450866373512,-0.7914011558455574,-0.2835834628810016,-0.7330166661378316,1.3739907085892975,-0.6713450866373512,-1.364225461978742,0.8750510189207744,0.35740345028744785,-0.48579831205964485,-0.4020623525503798
0.660716310008866,0.6110100926607787,0.8635755391767455,-0.7540079036599855,-0.9712858623572643,0.6713450866373512,-0.7914011558455574,-0.2835834628810016,-0.7330166661378316,1.3739907085892975,-0.6713450866373512,0.7330166661378313,-1.1427905097845936,0.35740345028744785,-0.48579831205964485,-0.4020623525503798
-1.2221945971705503,0.6110100926607787,-1.1579762911688176,-0.7540079036599855,1.0295630140987002,0.6713450866373512,1.2635816774004698,-0.2835834628810016,-0.7330166661378316,-0.7278069595002714,-0.6713450866373512,0.7330166661378313,-1.1427905097845936,0.35740345028744785,2.0584674239815457,-0.4020623525503798
-0.9532073247163481,0.6110100926607787,0.8635755391767455,1.32624604483051,1.0295630140987002,0.6713450866373512,-0.7914011558455574,-0.2835834628810016,-0.7330166661378316,1.3739907085892975,1.489546910976623,0.7330166661378313,0.8750510189207744,0.35740345028744785,-0.48579831205964485,-0.4020623525503798
0.39172903755466365,0.6110100926607787,-1.1579762911688176,-0.7540079036599855,1.0295630140987002,0.6713450866373512,1.2635816774004698,-0.2835834628810016,1.3642254619787417,-0.7278069595002714,-0.6713450866373512,0.7330166661378313,-1.1427905097845936,0.35740345028744785,-0.48579831205964485,-0.4020623525503798
0.39172903755466365,0.6110100926607787,-1.1579762911688176,1.32624604483051,1.0295630140987002,-1.489546910976623,1.2635816774004698,-0.2835834628810016,-0.7330166661378316,-0.7278069595002714,1.489546910976623,0.7330166661378313,0.8750510189207744,0.35740345028744785,2.0584674239815457,-0.4020623525503798
-0.6169732341485952,-1.636634176769943,0.8635755391767455,-0.7540079036599855,1.0295630140987002,-1.489546910976623,-0.7914011558455574,-0.2835834628810016,-0.7330166661378316,1.3739907085892975,1.489546910976623,0.7330166661378313,0.8750510189207744,0.35740345028744785,-0.48579831205964485,-0.4020623525503798
0.39172903755466365,0.6110100926607787,0.8635755391767455,-0.7540079036599855,1.0295630140987002,0.6713450866373512,-0.7914011558455574,-0.2835834628810016,1.3642254619787417,-0.7278069595002714,-0.6713450866373512,0.7330166661378313,-1.1427905097845936,0.35740345028744785,2.0584674239815457,-0.4020623525503798
-1.4911818696247527,-1.636634176769943,-1.1579762911688176,1.32624604483051,1.0295630140987002,-1.489546910976623,-0.7914011558455574,-0.2835834628810016,-0.7330166661378316,-0.7278069595002714,-0.6713450866373512,-1.364225461978742,-1.1427905097845936,0.35740345028744785,-0.48579831205964485,-0.4020623525503798
-0.146245507353741,-1.636634176769943,-1.1579762911688176,1.32624604483051,1.0295630140987002,0.6713450866373512,1.2635816774004698,-0.2835834628810016,1.3642254619787417,-0.7278069595002714,1.489546910976623,0.7330166661378313,-1.1427905097845936,0.35740345028744785,-0.48579831205964485,-0.4020623525503798
-0.011751871126639843,0.6110100926607787,0.8635755391767455,-0.7540079036599855,-0.9712858623572643,0.6713450866373512,-0.7914011558455574,3.5262987123463674,-0.7330166661378316,1.3739907085892975,1.489546910976623,0.7330166661378313,0.8750510189207744,0.35740345028744785,-0.48579831205964485,2.4871764134511865
-1.0877009609434491,0.6110100926607787,-1.1579762911688176,1.32624604483051,1.0295630140987002,0.6713450866373512,1.2635816774004698,3.5262987123463674,-0.7330166661378316,-0.7278069595002714,-0.6713450866373512,0.7330166661378313,0.8750510189207744,0.35740345028744785,-0.48579831205964485,-0.4020623525503798
-0.6169732341485952,0.6110100926607787,0.8635755391767455,-0.7540079036599855,-0.9712858623572643,0.6713450866373512,-0.7914011558455574,-0.2835834628810016,-0.7330166661378316,-0.7278069595002714,-0.6713450866373512,0.7330166661378313,0.8750510189207744,0.35740345028744785,-0.48579831205964485,-0.4020623525503798
-0.146245507353741,0.6110100926607787,0.8635755391767455,-0.7540079036599855,-0.9712858623572643,0.6713450866373512,1.2635816774004698,-0.2835834628810016,1.3642254619787417,-0.7278069595002714,-0.6713450866373512,0.7330166661378313,-1.1427905097845936,0.35740345028744785,-0.48579831205964485,-0.4020623525503798
-0.8859605066027975,0.6110100926607787,0.8635755391767455,-0.7540079036599855,-0.9712858623572643,0.6713450866373512,-0.7914011558455574,-0.2835834628810016,1.3642254619787417,-0.7278069595002714,-0.6713450866373512,0.7330166661378313,0.8750510189207744,0.35740345028744785,-0.48579831205964485,-0.4020623525503798
-0.9532073247163481,0.6110100926607787,-1.1579762911688176,-0.7540079036599855,-0.9712858623572643,-1.489546910976623,-0.7914011558455574,-0.2835834628810016,1.3642254619787417,1.3739907085892975,1.489546910976623,0.7330166661378313,-1.1427905097845936,-2.7979584393931636,-0.48579831205964485,2.4871764134511865
0.5262226737817648,-1.636634176769943,0.8635755391767455,-0.7540079036599855,-0.9712858623572643,0.6713450866373512,1.2635816774004698,-0.2835834628810016,1.3642254619787417,-0.7278069595002714,1.489546910976623,0.7330166661378313,0.8750510189207744,0.35740345028744785,-0.48579831205964485,-0.4020623525503798
-0.07899868924019043,0.6110100926607787,0.8635755391767455,-0.7540079036599855,1.0295630140987002,0.6713450866373512,-0.7914011558455574,-0.2835834628810016,1.3642254619787417,-0.7278069595002714,1.489546910976623,0.7330166661378313,-1.1427905097845936,-2.7979584393931636,-0.48579831205964485,-0.4020623525503798
-0.2134923254672916,0.6110100926607787,0.8635755391767455,-0.7540079036599855,-0.9712858623572643,-1.489546910976623,1.2635816774004698,-0.2835834628810016,-0.7330166661378316,-0.7278069595002714,1.489546910976623,0.7330166661378313,0.8750510189207744,0.35740345028744785,-0.48579831205964485,-0.4020623525503798
-0.7514668703756963,0.6110100926607787,-1.1579762911688176,-0.7540079036599855,-0.9712858623572643,0.6713450866373512,1.2635816774004698,-0.2835834628810016,1.3642254619787417,-0.7278069595002714,-0.6713450866373512,0.7330166661378313,0.8750510189207744,0.35740345028744785,-0.48579831205964485,-0.4020623525503798
-1.8946627783060563,0.6110100926607787,0.8635755391767455,1.32624604483051,1.0295630140987002,0.6713450866373512,-0.7914011558455574,-0.2835834628810016,1.3642254619787417,1.3739907085892975,-0.6713450866373512,-1.364225461978742,0.8750510189207744,0.35740345028744785,-0.48579831205964485,-0.4020623525503798
-0.8187136884892469,0.6110100926607787,0.8635755391767455,-0.7540079036599855,-0.9712858623572643,0.6713450866373512,-0.7914011558455574,-0.2835834628810016,1.3642254619787417,-0.7278069595002714,1.489546910976623,-1.364225461978742,-1.1427905097845936,0.35740345028744785,2.0584674239815457,-0.4020623525503798
-0.3479859616943928,0.6110100926607787,-1.1579762911688176,-0.7540079036599855,1.0295630140987002,0.6713450866373512,-0.7914011558455574,-0.2835834628810016,-0.7330166661378316,-0.7278069595002714,-0.6713450866373512,-1.364225461978742,0.8750510189207744,0.35740345028744785,-0.48579831205964485,-0.4020623525503798
-0.2807391435808422,-1.636634176769943,-1.1579762911688176,-0.7540079036599855,-0.9712858623572643,-1.489546910976623,-0.7914011558455574,-0.2835834628810016,-0.7330166661378316,-0.7278069595002714,-0.6713450866373512,0.7330166661378313,-1.1427905097845936,0.35740345028744785,-0.48579831205964485,-0.4020623525503798
0.45897585566821425,0.6110100926607787,0.8635755391767455,-0.7540079036599855,-0.9712858623572643,0.6713450866373512,-0.7914011558455574,-0.2835834628810016,-0.7330166661378316,-0.7278069595002714,1.489546910976623,-1.364225461978742,0.8750510189207744,0.35740345028744785,2.0584674239815457,-0.4020623525503798
-0.2134923254672916,-1.636634176769943,0.8635755391767455,-0.7540079036599855,-0.9712858623572643,0.6713450866373512,1.2635816774004698,-0.2835834628810016,1.3642254619787417,-0.7278069595002714,-0.6713450866373512,-1.364225461978742,-1.1427905097845936,0.35740345028744785,2.0584674239815457,-0.4020623525503798
1.6694185817121248,0.6110100926607787,-1.1579762911688176,1.32624604483051,-0.9712858623572643,-1.489546910976623,-0.7914011558455574,-0.2835834628810016,1.3642254619787417,-0.7278069595002714,-0.6713450866373512,-1.364225461978742,-1.1427905097845936,0.35740345028744785,-0.48579831205964485,-0.4020623525503798
-0.482479597921494,-1.636634176769943,-1.1579762911688176,-0.7540079036599855,-0.9712858623572643,0.6713450866373512,1.2635816774004698,-0.2835834628810016,-0.7330166661378316,1.3739907085892975,-0.6713450866373512,0.7330166661378313,-1.1427905097845936,0.35740345028744785,-0.48579831205964485,-0.4020623525503798
-1.1549477790569997,-1.636634176769943,0.8635755391767455,-0.7540079036599855,-0.9712858623572643,0.6713450866373512,1.2635816774004698,-0.2835834628810016,-0.7330166661378316,1.3739907085892975,1.489546910976623,0.7330166661378313,-1.1427905097845936,-2.7979584393931636,-0.48579831205964485,-0.4020623525503798
-0.9532073247163481,0.6110100926607787,0.8635755391767455,1.32624604483051,1.0295630140987002,-1.489546910976623,-0.7914011558455574,-0.2835834628810016,-0.7330166661378316,-0.7278069595002714,1.489546910976623,0.7330166661378313,-1.1427905097845936,0.35740345028744785,-0.48579831205964485,-0.4020623525503798
1.4004313092579224,0.6110100926607787,-1.1579762911688176,-0.7540079036599855,-0.9712858623572643,0.6713450866373512,-0.7914011558455574,-0.2835834628810016,-0.7330166661378316,-0.7278069595002714,-0.6713450866373512,0.7330166661378313,0.8750510189207744,0.35740345028744785,2.0584674239815457,-0.4020623525503798
-0.3479859616943928,-1.636634176769943,-1.1579762911688176,-0.7540079036599855,1.0295630140987002,0.6713450866373512,1.2635816774004698,-0.2835834628810016,1.3642254619787417,-0.7278069595002714,1.489546910976623,-1.364225461978742,0.8750510189207744,0.35740345028744785,-0.48579831205964485,-0.4020623525503798
1.6021717635985742,-1.636634176769943,-1.1579762911688176,1.32624604483051,-0.9712858623572643,0.6713450866373512,-0.7914011558455574,-0.2835834628810016,-0.7330166661378316,-0.7278069595002714,-0.6713450866373512,-1.364225461978742,0.8750510189207744,0.35740345028744785,-0.48579831205964485,-0.4020623525503798
-0.146245507353741,-1.636634176769943,-1.1579762911688176,1.32624604483051,1.0295630140987002,0.6713450866373512,1.2635816774004698,-0.2835834628810016,1.3642254619787417,-0.7278069595002714,1.489546910976623,0.7330166661378313,-1.1427905097845936,0.35740345028744785,-0.48579831205964485,-0.4020623525503798
-0.9532073247163481,0.6110100926607787,-1.1579762911688176,1.32624604483051,1.0295630140987002,-1.489546910976623,-0.7914011558455574,-0.2835834628810016,1.3642254619787417,-0.7278069595002714,-0.6713450866373512,0.7330166661378313,-1.1427905097845936,0.35740345028744785,-0.48579831205964485,-0.4020623525503798
-0.6842200522621457,0.6110100926607787,0.8635755391767455,1.32624604483051,1.0295630140987002,0.6713450866373512,1.2635816774004698,3.5262987123463674,1.3642254619787417,-0.7278069595002714,-0.6713450866373512,0.7330166661378313,0.8750510189207744,0.35740345028744785,-0.48579831205964485,-0.4020623525503798
-1.0877009609434491,0.6110100926607787,0.8635755391767455,-0.7540079036599855,-0.9712858623572643,-1.489546910976623,-0.7914011558455574,-0.2835834628810016,1.3642254619787417,-0.7278069595002714,-0.6713450866373512,0.7330166661378313,-1.1427905097845936,0.35740345028744785,-0.48579831205964485,-0.4020623525503798
-0.482479597921494,0.6110100926607787,0.8635755391767455,1.32624604483051,1.0295630140987002,0.6713450866373512,-0.7914011558455574,-0.2835834628810016,1.3642254619787417,-0.7278069595002714,-0.6713450866373512,0.7330166661378313,-1.1427905097845936,0.35740345028744785,-0.48579831205964485,-0.4020623525503798
0.7279631281224166,0.6110100926607787,0.8635755391767455,-0.7540079036599855,1.0295630140987002,0.6713450866373512,-0.7914011558455574,-0.2835834628810016,-0.7330166661378316,-0.7278069595002714,-0.6713450866373512,-1.364225461978742,0.8750510189207744,0.35740345028744785,-0.48579831205964485,-0.4020623525503798
-0.07899868924019043,-1.636634176769943,-1.1579762911688176,-0.7540079036599855,1.0295630140987002,0.6713450866373512,-0.7914011558455574,-0.2835834628810016,1.3642254619787417,1.3739907085892975,-0.6713450866373512,0.7330166661378313,-1.1427905097845936,0.35740345028744785,-0.48579831205964485,-0.4020623525503798
-0.6842200522621457,0.6110100926607787,-1.1579762911688176,1.32624604483051,1.0295630140987002,0.6713450866373512,-0.7914011558455574,-0.2835834628810016,1.3642254619787417,-0.7278069595002714,-0.6713450866373512,0.7330166661378313,-1.1427905097845936,0.35740345028744785,2.0584674239815457,-0.4020623525503798
0.1899885832140119,0.6110100926607787,0.8635755391767455,-0.7540079036599855,1.0295630140987002,0.6713450866373512,1.2635816774004698,-0.2835834628810016,1.3642254619787417,1.3739907085892975,1.489546910976623,-1.364225461978742,-1.1427905097845936,0.35740345028744785,-0.48579831205964485,-0.4020623525503798
-1.5584286877383033,0.6110100926607787,-1.1579762911688176,1.32624604483051,1.0295630140987002,0.6713450866373512,-0.7914011558455574,-0.2835834628810016,-0.7330166661378316,-0.7278069595002714,-0.6713450866373512,0.7330166661378313,0.8750510189207744,0.35740345028744785,-0.48579831205964485,-0.4020623525503798
-0.9532073247163481,0.6110100926607787,-1.1579762911688176,-0.7540079036599855,1.0295630140987002,0.6713450866373512,-0.7914011558455574,-0.2835834628810016,-0.7330166661378316,1.3739907085892975,-0.6713450866373512,-1.364225461978742,-1.1427905097845936,0.35740345028744785,2.0584674239815457,-0.4020623525503798
-0.6842200522621457,0.6110100926607787,0.8635755391767455,-0.7540079036599855,1.0295630140987002,0.6713450866373512,1.2635816774004698,-0.2835834628810016,-0.7330166661378316,-0.7278069595002714,-0.6713450866373512,-1.364225461978742,0.8750510189207744,0.35740345028744785,-0.48579831205964485,2.4871764134511865
0.7952099462359672,0.6110100926607787,0.8635755391767455,-0.7540079036599855,1.0295630140987002,0.6713450866373512,1.2635816774004698,-0.2835834628810016,1.3642254619787417,1.3739907085892975,1.489546910976623,0.7330166661378313,0.8750510189207744,0.35740345028744785,-0.48579831205964485,-0.4020623525503798
-0.07899868924019043,-1.636634176769943,-1.1579762911688176,-0.7540079036599855,-0.9712858623572643,0.6713450866373512,1.2635816774004698,-0.2835834628810016,1.3642254619787417,1.3739907085892975,1.489546910976623,0.7330166661378313,-1.1427905097845936,0.35740345028744785,-0.48579831205964485,-0.4020623525503798
-0.4152327798079434,0.6110100926607787,-1.1579762911688176,1.32624604483051,1.0295630140987002,0.6713450866373512,1.2635816774004698,-0.2835834628810016,-0.7330166661378316,1.3739907085892975,1.489546910976623,0.7330166661378313,-1.1427905097845936,0.35740345028744785,2.0584674239815457,-0.4020623525503798
-0.482479597921494,0.6110100926607787,-1.1579762911688176,-0.7540079036599855,-0.9712858623572643,0.6713450866373512,-0.7914011558455574,-0.2835834628810016,1.3642254619787417,1.3739907085892975,-0.6713450866373512,0.7330166661378313,0.8750510189207744,0.35740345028744785,-0.48579831205964485,-0.4020623525503798
2.8798613077560353,0.6110100926607787,-1.1579762911688176,-0.7540079036599855,-0.9712858623572643,-1.489546910976623,-0.7914011558455574,-0.2835834628810016,-0.7330166661378316,-0.7278069595002714,-0.6713450866373512,0.7330166661378313,0.8750510189207744,0.35740345028744785,-0.48579831205964485,2.4871764134511865
-0.6842200522621457,0.6110100926607787,0.8635755391767455,-0.7540079036599855,1.0295630140987002,0.6713450866373512,-0.7914011558455574,-0.2835834628810016,-0.7330166661378316,1.3739907085892975,-0.6713450866373512,0.7330166661378313,-1.1427905097845936,0.35740345028744785,-0.48579831205964485,-0.4020623525503798
-0.146245507353741,-1.636634176769943,-1.1579762911688176,1.32624604483051,1.0295630140987002,0.6713450866373512,-0.7914011558455574,-0.2835834628810016,-0.7330166661378316,-0.7278069595002714,-0.6713450866373512,-1.364225461978742,0.8750510189207744,0.35740345028744785,-0.48579831205964485,-0.4020623525503798
1.7366653998256754,0.6110100926607787,-1.1579762911688176,-0.7540079036599855,-0.9712858623572643,0.6713450866373512,-0.7914011558455574,-0.2835834628810016,1.3642254619787417,1.3739907085892975,1.489546910976623,-1.364225461978742,0.8750510189207744,0.35740345028744785,2.0584674239815457,-0.4020623525503798
