Model,Accuracy,ROC AUC,MCC,Balanced Acc,Cohen's Kappa,Precision,Recall,F1 Score
Deep Tab-MLP,0.5588,0.5936,0.0793,0.5414,0.0779,0.3864,0.4857,0.4304
AdaBoost,0.5098,0.5829,0.0599,0.5313,0.0545,0.3684,0.6,0.4565
Gradient Boost,0.5392,0.5565,0.0116,0.506,0.0115,0.35,0.4,0.3733
XGBoost,0.598,0.5343,0.0899,0.5439,0.0897,0.4062,0.3714,0.3881
Soft-Voting Ensemble,0.5196,0.5109,-0.073,0.4638,-0.073,0.2941,0.2857,0.2899
LightGBM,0.549,0.5006,-0.0004,0.4998,-0.0004,0.3429,0.3429,0.3429
CatBoost,0.5588,0.4977,0.0009,0.5004,0.0009,0.3438,0.3143,0.3284
Random Forest,0.549,0.497,-0.0435,0.4793,-0.0431,0.3103,0.2571,0.2812
Stacking Meta-Ensemble (Ours),0.5588,0.4823,-0.0281,0.4868,-0.0278,0.3214,0.2571,0.2857
